# File produced by Open Asset Import Library (http://www.assimp.sf.net)
# (assimp v3.1.236340372)

mtllib USB.mtl

# vertex positions
v -100.000008 -38.005802 274.024170
v -100.000008 38.005894 274.024170
v -100.000008 38.005802 -274.024139
v -100.000008 -38.005894 -274.024139
v 100.000000 38.005802 -274.024139
v 100.000000 -38.005894 -274.024139
v 100.000000 38.005894 274.024170
v 100.000000 -38.005802 274.024170
v -59.174450 -22.489729 402.099335
v -59.174450 22.489782 402.099335
v -59.174450 22.489729 77.794830
v -59.174450 -22.489782 77.794830
v 59.174450 22.489729 77.794830
v 59.174450 -22.489782 77.794830
v 59.174450 22.489782 402.099335
v 59.174450 -22.489729 402.099335
v -40.819237 -22.489733 363.109070
v 40.819237 -22.489733 363.109070
v 40.819237 -22.489738 335.788269
v 7.742533 -22.489738 335.788269
v -7.742529 -22.489738 335.788269
v -40.819237 -22.489738 335.788269
v -7.742529 -22.489733 363.109070
v 7.742533 -22.489733 363.109070
v -41.037148 22.489769 335.586304
v -41.037144 22.489769 335.586304
v -7.360658 22.489769 335.586304
v 7.360658 22.489769 335.586304
v 41.037144 22.489769 335.586304
v 41.037148 22.489769 335.586304
v 41.037148 22.489775 362.984192
v -41.037148 22.489775 362.984192
v 7.360658 22.489775 362.984192
v -7.360658 22.489775 362.984192
v 7.360659 22.489775 362.984192
v -41.037144 10.139365 335.586304
v -7.360658 10.139365 335.586304
v -7.360658 10.139370 362.984192
v 41.037144 10.139367 335.586304
v 7.360658 10.139367 335.586304
v 7.360658 10.139372 362.984192
v 7.360659 10.139372 362.984192
v -41.037148 10.139370 362.984192
v -41.037148 10.139365 335.586304
v -54.220097 10.139361 310.845032
v 5.822287 10.139361 310.845032
v -54.220097 10.139374 387.725525
v -54.220097 -5.831411 387.725525
v -54.220097 -5.831423 310.845032
v 5.822287 10.139374 387.725525
v 5.822287 -5.831411 387.725525
v 5.822287 -5.831423 310.845032
v 41.037148 10.139367 335.586304
v 41.037148 10.139372 362.984192
v -5.822287 10.139363 310.845032
v 54.220089 10.139363 310.845032
v 54.220089 10.139376 387.725525
v 54.220089 -5.831421 310.845032
v 54.220089 -5.831409 387.725525
v -5.822287 10.139376 387.725525
v -5.822287 -5.831421 310.845032
v -5.822287 -5.831409 387.725525
v -0.000000 27.741579 295.217621
v -0.000000 22.489761 281.295044
v 7.734491 22.489761 287.483154
v 13.922592 22.489763 295.217621
v -13.922592 22.489763 295.217621
v -0.000000 22.489767 309.140259
v -7.734494 22.489763 302.952148
v -40.819237 -19.771660 335.788269
v -40.819237 -19.771654 363.109070
v -7.742529 -19.771660 335.788269
v -7.742529 -19.771654 363.109070
v 40.819237 -19.771658 363.109070
v 40.819237 -19.771664 335.788269
v 7.742533 -19.771664 335.788269
v 7.742533 -19.771658 363.109070
v -12.411961 -47.500031 -273.027069
v 19.389690 -47.500031 -273.027069
v 19.389687 47.500027 -273.027069
v -12.411964 47.500027 -273.027069
v -12.411964 46.836235 -273.027069
v 11.069227 46.836021 -273.027069
v 11.071914 18.011543 -273.027069
v -12.411964 18.011761 -273.027069
v -12.411963 -18.011761 -273.027069
v 11.071915 -18.011543 -273.027069
v 11.069233 -46.835999 -273.027069
v -12.411961 -46.836216 -273.027069
v -12.411964 47.500027 -279.652985
v -12.411961 -47.500031 -279.652985
v -12.411961 -46.835999 -273.354218
v -12.411963 -18.011543 -273.354218
v -12.411964 18.011543 -273.354218
v -12.411964 46.836021 -273.354218
v 19.389687 47.500027 -279.652985
v 19.389690 -47.500031 -279.652985
v 19.387863 46.836021 -272.911194
v 19.387865 18.011543 -272.911255
v -12.540562 18.011543 -273.355988
v -12.540565 46.836021 -273.355988
v 19.100142 46.857346 -241.066101
v 19.099871 18.032879 -241.040894
v -12.830463 46.857426 -241.308075
v -12.830734 18.032970 -241.282867
v 18.904331 46.891727 -209.162140
v 18.904005 18.067286 -209.128418
v -13.026705 46.891880 -209.339355
v -13.027030 18.067444 -209.305664
v 18.745638 46.931850 -177.240387
v 18.745295 18.107397 -177.203217
v -13.185854 18.107590 -177.357330
v -13.185513 46.932034 -177.394470
v 18.601406 46.974785 -145.312820
v 18.601053 18.150330 -145.273834
v -13.330141 18.150522 -145.418381
v -13.329793 46.974968 -145.457367
v 18.461096 47.018764 -113.383057
v 18.460735 18.194315 -113.342850
v -13.470121 47.018951 -113.523148
v -13.470478 18.194519 -113.482941
v 18.322744 47.063965 -81.450653
v 18.322382 18.239513 -81.409882
v -13.608465 47.064167 -81.592468
v -13.608824 18.239717 -81.551697
v 18.179714 47.109444 -49.516815
v 18.179356 18.284983 -49.475815
v -13.751471 47.109631 -49.663612
v -13.751832 18.285175 -49.622620
v 18.032881 47.155113 -17.581818
v 18.032520 18.330690 -17.540771
v -13.898633 18.330860 -17.695282
v -13.898273 47.155304 -17.736298
v 17.871565 47.200439 14.355228
v 17.871202 18.376001 14.395874
v -14.059880 18.376160 14.229004
v -14.059521 47.200615 14.188358
v 17.705740 47.245644 46.292938
v 17.705385 18.421221 46.333099
v -14.225620 18.421347 46.152344
v -14.225266 47.245789 46.112183
v 17.510128 47.289474 78.234161
v 17.509779 18.465027 78.273285
v -14.421098 18.465139 78.070496
v -14.420750 47.289574 78.031372
v 17.303890 47.332687 110.176788
v 17.303547 18.508265 110.214661
v -14.626818 47.332775 109.948792
v -14.627159 18.508343 109.986694
v 17.058914 47.373772 142.124542
v 17.058588 18.549328 142.160431
v -14.871514 47.373798 141.859589
v -14.871841 18.549351 141.895508
v 16.773884 47.412407 174.079285
v 16.773581 18.587957 174.112244
v -15.156361 18.587923 173.794495
v -15.156059 47.412384 173.761536
v 16.447800 47.448551 206.041718
v 16.447548 18.624084 206.070740
v -15.481359 47.448448 205.653503
v -15.481612 18.623993 205.682495
v 16.004456 47.477310 238.036011
v 16.004318 18.652849 238.056702
v -15.922655 47.477077 237.505554
v -15.922794 18.652622 237.526306
v 15.372788 47.493958 270.100220
v 15.373030 18.669497 270.103271
v -16.547905 47.493618 269.268738
v -16.547665 18.669157 269.271790
v 19.387867 -18.011543 -272.911255
v 19.387867 -46.835999 -272.911194
v -12.540558 -46.835999 -273.355988
v -12.540561 -18.011543 -273.355988
v 19.099873 -18.032890 -241.040894
v 19.100145 -46.857346 -241.066101
v -12.830733 -18.032982 -241.282867
v -12.830458 -46.857414 -241.308075
v 18.904007 -18.067286 -209.128418
v 18.904335 -46.891727 -209.162140
v -13.027027 -18.067444 -209.305664
v -13.026699 -46.891865 -209.339355
v 18.745296 -18.107397 -177.203217
v 18.745642 -46.931858 -177.240387
v -13.185853 -18.107590 -177.357330
v -13.185507 -46.932034 -177.394470
v 18.601053 -18.150330 -145.273834
v 18.601410 -46.974785 -145.312820
v -13.330139 -18.150522 -145.418381
v -13.329786 -46.974968 -145.457367
v 18.460737 -18.194315 -113.342850
v 18.461100 -47.018761 -113.383057
v -13.470476 -18.194519 -113.482941
v -13.470117 -47.018940 -113.523148
v 18.322384 -18.239513 -81.409882
v 18.322748 -47.063957 -81.450653
v -13.608822 -18.239717 -81.551697
v -13.608459 -47.064163 -81.592468
v 18.179358 -18.284983 -49.475815
v 18.179718 -47.109440 -49.516815
v -13.751829 -18.285175 -49.622620
v -13.751465 -47.109619 -49.663612
v 18.032520 -18.330690 -17.540771
v 18.032885 -47.155113 -17.581818
v -13.898630 -18.330860 -17.695282
v -13.898266 -47.155293 -17.736298
v 17.871204 -18.376001 14.395874
v 17.871569 -47.200439 14.355228
v -14.059877 -18.376160 14.229004
v -14.059516 -47.200615 14.188358
v 17.705387 -18.421221 46.333099
v 17.705744 -47.245636 46.292938
v -14.225618 -18.421347 46.152344
v -14.225261 -47.245789 46.112183
v 17.509781 -18.465027 78.273285
v 17.510132 -47.289471 78.234161
v -14.421095 -18.465139 78.070496
v -14.420745 -47.289562 78.031372
v 17.303547 -18.508265 110.214661
v 17.303894 -47.332676 110.176788
v -14.627157 -18.508343 109.986694
v -14.626813 -47.332767 109.948792
v 17.058590 -18.549328 142.160431
v 17.058918 -47.373775 142.124542
v -14.871840 -18.549351 141.895508
v -14.871508 -47.373795 141.859589
v 16.773582 -18.587957 174.112244
v 16.773888 -47.412403 174.079285
v -15.156360 -18.587923 173.794495
v -15.156054 -47.412384 173.761536
v 16.447550 -18.624084 206.070740
v 16.447803 -47.448555 206.041718
v -15.481609 -18.623993 205.682495
v -15.481354 -47.448437 205.653503
v 16.004320 -18.652849 238.056702
v 16.004459 -47.477310 238.036011
v -15.922792 -18.652622 237.526306
v -15.922649 -47.477081 237.505554
v 15.373032 -18.669497 270.103271
v 15.372792 -47.493954 270.100220
v -16.547661 -18.669157 269.271790
v -16.547897 -47.493614 269.268738
v 52.735287 -47.500031 -273.027069
v 84.536942 -47.500031 -273.027069
v 84.536942 47.500038 -273.027069
v 52.735275 47.500038 -273.027069
v 52.735275 46.836578 -273.027069
v 84.474236 46.836525 -273.027069
v 84.474243 18.012047 -273.027069
v 52.735279 18.012104 -273.027069
v 52.735279 -18.012100 -273.027069
v 84.474236 -18.012039 -273.027069
v 84.474228 -46.836502 -273.027069
v 52.735287 -46.836552 -273.027069
v 52.735275 47.500038 -279.652985
v 52.735287 -47.500031 -279.652985
v 52.735287 -46.836002 -273.837677
v 52.735279 -18.011545 -273.837677
v 52.735279 18.011549 -273.837677
v 52.735275 46.836025 -273.837677
v 84.536942 47.500038 -279.652954
v 84.536942 -47.500031 -279.652954
v -52.735302 47.500031 -273.027100
v -84.536942 47.500031 -273.027100
v -84.536942 -47.500038 -273.027100
v -52.735291 -47.500038 -273.027100
v -52.735291 -46.836571 -273.027100
v -84.474220 -46.836517 -273.027100
v -84.474236 -18.012058 -273.027100
v -52.735294 -18.012114 -273.027100
v -52.735294 18.012110 -273.027100
v -84.474251 18.012051 -273.027100
v -84.474236 46.836525 -273.027100
v -52.735302 46.836575 -273.027100
v -52.735291 -47.500038 -279.653015
v -52.735302 47.500031 -279.653015
v -52.735302 46.836025 -273.837677
v -52.735294 18.011557 -273.837677
v -52.735294 -18.011560 -273.837677
v -52.735291 -46.836021 -273.837677
v -84.536942 -47.500038 -279.653015
v -84.536942 47.500031 -279.653015
v 52.587833 18.011549 -273.837982
v 52.587830 46.836025 -273.837982
v 82.516960 46.858105 -240.686432
v 82.515930 18.033646 -240.660828
v 50.680050 18.032589 -243.130554
v 50.681080 46.857063 -243.156128
v 79.501991 46.893559 -208.561432
v 79.500160 18.069115 -208.526855
v 47.723793 46.891819 -211.686951
v 47.721970 18.067369 -211.652344
v 76.209610 46.934898 -176.732666
v 76.207359 18.110451 -176.694016
v 44.444283 46.932991 -179.986420
v 44.442047 18.108545 -179.947754
v 72.954422 46.979942 -145.006607
v 72.951942 18.155489 -144.965515
v 41.178478 18.153698 -148.138809
v 41.180962 46.978149 -148.179886
v 69.822838 47.026577 -113.315582
v 69.820160 18.202114 -113.272583
v 38.029873 18.200594 -116.272675
v 38.032543 47.025028 -116.315659
v 66.881676 47.074936 -81.656570
v 66.878891 18.250492 -81.612167
v 35.064030 18.249382 -84.339249
v 35.066814 47.073811 -84.383636
v 64.393608 47.124809 -50.031677
v 64.390724 18.300367 -49.986176
v 32.545803 47.124344 -52.342560
v 32.542915 18.299902 -52.297073
v 62.184319 47.175343 -18.431305
v 62.181362 18.350899 -18.384827
v 30.300978 18.351250 -20.191223
v 30.303928 47.175690 -20.237701
v 60.710651 47.226959 13.098419
v 60.707672 18.402517 13.145752
v 28.794128 18.404068 12.074219
v 28.797110 47.228516 12.026917
v 60.093674 47.279041 44.482025
v 60.090672 18.454590 44.530090
v 28.162142 47.282341 44.480591
v 28.159145 18.457918 44.528687
v 60.382912 47.331303 75.651154
v 60.379929 18.506876 75.700012
v 28.483540 18.512709 77.197754
v 28.486525 47.337151 77.148895
v 62.470661 47.383312 106.233154
v 62.467743 18.558880 106.282806
v 30.793615 18.569050 110.329010
v 30.796539 47.393478 110.279358
v 67.755257 47.432117 134.615997
v 67.752563 18.607668 134.666626
v 37.421738 18.628052 144.649780
v 37.424431 47.452484 144.599152
v 76.870293 47.461761 151.704315
v 76.868774 18.637329 151.756531
v 61.189384 18.688517 179.573395
v 61.190899 47.512939 179.521210
v 97.914429 47.482292 163.597626
v 97.913910 18.657873 163.650116
v 97.594658 47.540413 195.527496
v 97.594131 18.715981 195.579926
v -52.587841 46.836025 -273.837982
v -52.587841 18.011557 -273.837982
v -82.515915 18.033649 -240.660828
v -82.516960 46.858101 -240.686462
v -50.680065 18.032597 -243.130554
v -50.681099 46.857059 -243.156128
v -79.500175 18.069118 -208.526855
v -79.501991 46.893559 -208.561432
v -47.721981 18.067375 -211.652344
v -47.723812 46.891819 -211.686951
v -76.207375 18.110455 -176.694031
v -76.209633 46.934898 -176.732697
v -44.442078 18.108553 -179.947754
v -44.444313 46.932999 -179.986420
v -72.951965 18.155493 -144.965515
v -72.954453 46.979942 -145.006607
v -41.178513 18.153706 -148.138809
v -41.181004 46.978149 -148.179886
v -69.820183 18.202118 -113.272583
v -69.822868 47.026569 -113.315582
v -38.029907 18.200602 -116.272675
v -38.032581 47.025036 -116.315659
v -66.878922 18.250498 -81.612167
v -66.881714 47.074932 -81.656570
v -35.064064 18.249390 -84.339249
v -35.066860 47.073818 -84.383636
v -64.390762 18.300373 -49.986176
v -64.393646 47.124809 -50.031677
v -32.542957 18.299910 -52.297073
v -32.545849 47.124352 -52.342560
v -62.181404 18.350904 -18.384827
v -62.184364 47.175339 -18.431305
v -30.303980 47.175694 -20.237701
v -30.301022 18.351257 -20.191223
v -60.707718 18.402525 13.145752
v -60.710709 47.226959 13.098419
v -28.797163 47.228519 12.026917
v -28.794174 18.404076 12.074219
v -60.090717 18.454597 44.530090
v -60.093723 47.279041 44.482025
v -28.159203 18.457926 44.528687
v -28.162201 47.282352 44.480591
v -60.379982 18.506884 75.700012
v -60.382969 47.331303 75.651154
v -28.483599 18.512716 77.197754
v -28.486588 47.337154 77.148895
v -62.467804 18.558886 106.282806
v -62.470734 47.383305 106.233154
v -30.793690 18.569057 110.329010
v -30.796610 47.393486 110.279358
v -67.752640 18.607674 134.666626
v -67.755318 47.432114 134.615997
v -37.421810 18.628059 144.649780
v -37.424515 47.452488 144.599152
v -76.868843 18.637333 151.756531
v -76.870361 47.461758 151.704315
v -61.189453 18.688524 179.573395
v -61.190987 47.512939 179.521210
v -97.913956 18.657877 163.650116
v -97.914497 47.482292 163.597626
v -97.594208 18.715984 195.579926
v -97.594719 47.540409 195.527496
v 52.587830 -46.836002 -273.837982
v 52.587830 -18.011545 -273.837982
v 82.515923 -18.033638 -240.660828
v 82.516953 -46.858097 -240.686432
v 50.680042 -18.032585 -243.130554
v 50.681080 -46.857056 -243.156128
v 79.500153 -18.069107 -208.526855
v 79.501984 -46.893543 -208.561432
v 47.721966 -18.067366 -211.652344
v 47.723793 -46.891800 -211.686951
v 76.207359 -18.110443 -176.694016
v 76.209602 -46.934891 -176.732666
v 44.442047 -18.108541 -179.947754
v 44.444286 -46.932991 -179.986420
v 72.951942 -18.155481 -144.965515
v 72.954422 -46.979935 -145.006607
v 41.178478 -18.153694 -148.138809
v 41.180969 -46.978146 -148.179886
v 69.820160 -18.202118 -113.272583
v 69.822830 -47.026569 -113.315582
v 38.029873 -18.200590 -116.272675
v 38.032547 -47.025028 -116.315659
v 66.878883 -18.250488 -81.612167
v 66.881683 -47.074921 -81.656570
v 35.064026 -18.249378 -84.339249
v 35.066818 -47.073818 -84.383636
v 64.390724 -18.300364 -49.986176
v 64.393608 -47.124802 -50.031677
v 32.542912 -18.299898 -52.297073
v 32.545803 -47.124348 -52.342560
v 62.181358 -18.350895 -18.384827
v 62.184322 -47.175331 -18.431305
v 30.300978 -18.351246 -20.191223
v 30.303928 -47.175697 -20.237701
v 60.707664 -18.402514 13.145752
v 60.710659 -47.226948 13.098419
v 28.794128 -18.404064 12.074219
v 28.797115 -47.228516 12.026917
v 60.090664 -18.454586 44.530090
v 60.093678 -47.279018 44.482025
v 28.159142 -18.457914 44.528687
v 28.162146 -47.282330 44.480591
v 60.379925 -18.506872 75.700012
v 60.382915 -47.331295 75.651154
v 28.483540 -18.512705 77.197754
v 28.486528 -47.337158 77.148895
v 62.467743 -18.558876 106.282806
v 62.470669 -47.383305 106.233154
v 30.793615 -18.569046 110.329010
v 30.796539 -47.393463 110.279358
v 67.752556 -18.607664 134.666626
v 67.755249 -47.432110 134.615997
v 37.421738 -18.628048 144.649780
v 37.424435 -47.452477 144.599152
v 76.868774 -18.637321 151.756531
v 76.870293 -47.461746 151.704315
v 61.189381 -18.688513 179.573395
v 61.190903 -47.512917 179.521210
v 97.913902 -18.657866 163.650116
v 97.914421 -47.482277 163.597626
v 97.594116 -18.715973 195.579926
v 97.594643 -47.540409 195.527496
v -52.587841 -18.011560 -273.837982
v -52.587833 -46.836021 -273.837982
v -82.516945 -46.858105 -240.686462
v -82.515915 -18.033657 -240.660828
v -50.680050 -18.032600 -243.130554
v -50.681076 -46.857063 -243.156128
v -79.501991 -46.893562 -208.561432
v -79.500160 -18.069126 -208.526855
v -47.723797 -46.891819 -211.686951
v -47.721973 -18.067379 -211.652344
v -76.209618 -46.934898 -176.732697
v -76.207375 -18.110462 -176.694031
v -44.444298 -46.932995 -179.986420
v -44.442066 -18.108557 -179.947754
v -72.954437 -46.979939 -145.006607
v -72.951965 -18.155500 -144.965515
v -41.178513 -18.153709 -148.138809
v -41.180988 -46.978149 -148.179886
v -69.822853 -47.026573 -113.315582
v -69.820183 -18.202137 -113.272583
v -38.032574 -47.025028 -116.315659
v -38.029907 -18.200605 -116.272675
v -66.881699 -47.074940 -81.656570
v -66.878922 -18.250505 -81.612167
v -35.064064 -18.249393 -84.339249
v -35.066853 -47.073818 -84.383636
v -64.393631 -47.124817 -50.031677
v -64.390747 -18.300381 -49.986176
v -32.545834 -47.124348 -52.342560
v -32.542950 -18.299913 -52.297073
v -62.184364 -47.175346 -18.431305
v -62.181404 -18.350912 -18.384827
v -30.301022 -18.351261 -20.191223
v -30.303965 -47.175697 -20.237701
v -60.710693 -47.226967 13.098419
v -60.707718 -18.402529 13.145752
v -28.797155 -47.228516 12.026917
v -28.794174 -18.404079 12.074219
v -60.093719 -47.279037 44.482025
v -60.090717 -18.454601 44.530090
v -28.162189 -47.282345 44.480591
v -28.159195 -18.457930 44.528687
v -60.382961 -47.331306 75.651154
v -60.379982 -18.506887 75.700012
v -28.483599 -18.512720 77.197754
v -28.486586 -47.337158 77.148895
v -62.470718 -47.383308 106.233154
v -62.467804 -18.558893 106.282806
v -30.793682 -18.569061 110.329010
v -30.796595 -47.393478 110.279358
v -67.755318 -47.432117 134.615997
v -67.752625 -18.607681 134.666626
v -37.424500 -47.452477 144.599152
v -37.421810 -18.628063 144.649780
v -76.870361 -47.461754 151.704315
v -76.868828 -18.637341 151.756531
v -61.189453 -18.688528 179.573395
v -61.190971 -47.512947 179.521210
v -97.914474 -47.482296 163.597626
v -97.913956 -18.657885 163.650116
v -97.594711 -47.540417 195.527496
v -97.594208 -18.715992 195.579926
v 96.195778 -47.500031 195.322937
v 96.195778 47.500038 195.322937
v 96.195786 47.500038 163.521240
v 96.195786 -47.500031 163.521240
v 102.821678 47.500038 163.521240
v 102.821678 -47.500031 163.521240
v 102.821678 47.500038 195.322937
v 102.821678 -47.500031 195.322937
v -96.195915 -47.500038 195.322937
v -96.195900 -47.500038 163.521240
v -96.195900 47.500031 163.521240
v -96.195915 47.500031 195.322937
v -102.821815 -47.500038 163.521240
v -102.821815 47.500031 163.521240
v -102.821815 -47.500038 195.322937
v -102.821815 47.500031 195.322937

# UV coordinates
vt 0.455562 0.925845
vt 0.383414 0.853696
vt 0.853385 0.383732
vt 0.925533 0.455881
vt 0.243043 0.017601
vt 0.243043 0.119427
vt 0.000002 0.119427
vt 0.000002 0.017601
vt 0.927530 0.457878
vt 0.999680 0.530026
vt 0.529715 0.999998
vt 0.457566 0.927850
vt 0.243043 0.121424
vt 0.243043 0.223250
vt 0.000002 0.223250
vt 0.000002 0.121424
vt 0.470285 0.000002
vt 0.659993 0.189711
vt 0.189711 0.659994
vt 0.000002 0.470285
vt 0.661990 0.191708
vt 0.851699 0.381417
vt 0.381417 0.851699
vt 0.191708 0.661990
vt 0.720776 0.824206
vt 0.640142 0.830180
vt 0.590376 0.230768
vt 0.670796 0.223334
vt 0.666504 0.142509
vt 0.881934 0.128523
vt 0.888244 0.208865
vt 0.971520 0.203745
vt 0.999998 0.804304
vt 0.922486 0.776379
vt 0.760169 0.923067
vt 0.745368 0.746520
vt 0.887620 0.716152
vt 0.883561 0.665547
vt 0.824881 0.675723
vt 0.798000 0.680591
vt 0.741259 0.693661
vt 0.803358 0.734770
vt 0.828890 0.728648
vt 0.260655 0.271716
vt 0.260655 0.271716
vt 0.358581 0.210784
vt 0.384626 0.217084
vt 0.506740 0.322149
vt 0.565767 0.281270
vt 0.592970 0.288072
vt 0.448453 0.648484
vt 0.266230 0.669683
vt 0.151873 0.222333
vt 0.216131 0.197579
vt 0.051888 0.130191
vt 0.055609 0.099080
vt 0.070434 0.099701
vt 0.120202 0.142540
vt 0.000002 0.192431
vt 0.004222 0.150101
vt 0.051888 0.130191
vt 0.000000 0.000000
vt 0.341527 0.195956
vt 0.293737 0.165134
vt 0.079220 0.086290
vt 0.137380 0.121070
vt 0.467080 0.262722
vt 0.410242 0.208135
vt 0.043596 0.096262
vt 0.038494 0.122810
vt 0.244856 0.149211
vt 0.063248 0.034382
vt 0.083231 0.008827
vt 0.104829 0.072973
vt 0.243799 0.076119
vt 0.220313 0.023597
vt 0.324333 0.039747
vt 0.333359 0.062510
vt 0.188435 0.099372
vt 0.117043 0.000002
vt 0.182062 0.073003
vt 0.114947 0.057297
vt 0.467080 0.262722
vt 0.562903 0.268093
vt 0.000562 0.138572
vt 0.031391 0.118896
vt 0.451362 0.166232
vt 0.488807 0.240701
vt 0.561484 0.234919
vt 0.495189 0.201702
vt 0.552152 0.222203
vt 0.592422 0.116653
vt 0.608816 0.150740
vt 0.613742 0.189616
vt 0.586991 0.183316
vt 0.514541 0.147097
vt 0.574220 0.179600
vt 0.033702 0.051759
vt 0.023393 0.035901
vt 0.034945 0.027674
vt 0.049656 0.016855
vt 0.000002 0.049692
vt 0.051661 0.068251
vt 0.024389 0.068206
vt 0.000002 0.014356
vt 0.012747 0.000002
vt 0.744850 0.696616
vt 0.749096 0.741790
vt 0.795010 0.685553
vt 0.799381 0.731752
vt 0.883907 0.712605
vt 0.879996 0.669669
vt 0.828543 0.679231
vt 0.833740 0.724300
vt 0.537307 0.684422
vt 0.536070 0.722649
vt 0.420787 0.722266
vt 0.420222 0.683981
vt 0.421035 0.683931
vt 0.421457 0.712207
vt 0.456679 0.712334
vt 0.457478 0.684706
vt 0.499666 0.684310
vt 0.500372 0.712476
vt 0.535575 0.712594
vt 0.536494 0.684361
vt 0.422646 0.685031
vt 0.422697 0.677292
vt 0.533571 0.676187
vt 0.532777 0.684229
vt 0.531988 0.684109
vt 0.531998 0.683695
vt 0.499671 0.683886
vt 0.457406 0.684304
vt 0.423483 0.684687
vt 0.423431 0.685099
vt 0.418970 0.746971
vt 0.310948 0.746971
vt 0.310948 0.707186
vt 0.418970 0.707186
vt 0.089963 0.239976
vt 0.198099 0.239980
vt 0.197840 0.248260
vt 0.089702 0.248256
vt 0.963819 0.085977
vt 0.963819 0.077690
vt 0.999990 0.077690
vt 0.999990 0.085977
vt 0.234296 0.239960
vt 0.234041 0.248241
vt 0.695384 0.448686
vt 0.695257 0.414716
vt 0.705574 0.415363
vt 0.705775 0.449294
vt 0.457376 0.684489
vt 0.423486 0.684839
vt 0.655403 0.445192
vt 0.655734 0.412842
vt 0.253771 0.948103
vt 0.220763 0.948103
vt 0.220763 0.908436
vt 0.253771 0.908436
vt 0.649886 0.511892
vt 0.653224 0.480477
vt 0.693431 0.485436
vt 0.690060 0.517165
vt 0.654715 0.376872
vt 0.694718 0.377855
vt 0.694702 0.378043
vt 0.694315 0.377994
vt 0.695337 0.404921
vt 0.693449 0.485284
vt 0.695171 0.458521
vt 0.693038 0.485241
vt 0.952212 0.155048
vt 0.919205 0.155048
vt 0.919205 0.115382
vt 0.952212 0.115382
vt 0.925359 0.374539
vt 0.925373 0.341529
vt 0.965002 0.341529
vt 0.964999 0.374539
vt 0.952212 0.642727
vt 0.919205 0.642727
vt 0.919205 0.603060
vt 0.952212 0.603060
vt 0.200445 0.946127
vt 0.200435 0.981949
vt 0.163842 0.981949
vt 0.163842 0.946127
vt 0.332329 0.789978
vt 0.329263 0.827634
vt 0.290761 0.827710
vt 0.293834 0.789978
vt 0.793051 0.388615
vt 0.789978 0.350760
vt 0.828260 0.350760
vt 0.831340 0.388692
vt 0.914590 0.336845
vt 0.914590 0.303838
vt 0.954257 0.303838
vt 0.954257 0.336845
vt 0.574444 0.308667
vt 0.575546 0.273794
vt 0.613593 0.274346
vt 0.612163 0.309317
vt 0.617923 0.200901
vt 0.615123 0.235061
vt 0.578150 0.231145
vt 0.579846 0.199524
vt 0.576810 0.165714
vt 0.612547 0.164732
vt 0.575997 0.234960
vt 0.651902 0.276752
vt 0.649810 0.311401
vt 0.656676 0.204169
vt 0.654005 0.238368
vt 0.647281 0.157214
vt 0.657416 0.194026
vt 0.690365 0.279382
vt 0.688048 0.313992
vt 0.872720 0.883052
vt 0.872720 0.916060
vt 0.833054 0.916060
vt 0.833054 0.883052
vt 0.695498 0.206932
vt 0.692669 0.241225
vt 0.682419 0.144990
vt 0.694586 0.182147
vt 0.892283 0.685365
vt 0.925290 0.685366
vt 0.925290 0.725032
vt 0.892283 0.725032
vt 0.866568 0.126151
vt 0.866566 0.159160
vt 0.826900 0.159160
vt 0.826901 0.126151
vt 0.836900 0.644529
vt 0.836900 0.611522
vt 0.876566 0.611522
vt 0.876566 0.644529
vt 0.869644 0.231532
vt 0.869645 0.264539
vt 0.829979 0.264539
vt 0.829977 0.231532
vt 0.492005 0.349221
vt 0.530310 0.349221
vt 0.526751 0.387088
vt 0.488448 0.387088
vt 0.799444 0.747162
vt 0.761225 0.747162
vt 0.757671 0.709211
vt 0.795889 0.709211
vt 0.914258 0.153073
vt 0.914258 0.186080
vt 0.874591 0.186080
vt 0.874591 0.153073
vt 0.825362 0.341464
vt 0.825363 0.308453
vt 0.865028 0.308453
vt 0.865027 0.341464
vt 0.086921 0.921444
vt 0.086921 0.888437
vt 0.126588 0.888437
vt 0.126588 0.921444
vt 0.962719 0.457680
vt 0.962720 0.490684
vt 0.923052 0.490684
vt 0.923051 0.457680
vt 0.824395 0.553281
vt 0.786132 0.553281
vt 0.789301 0.515370
vt 0.827557 0.515370
vt 0.789209 0.045384
vt 0.827410 0.045384
vt 0.830546 0.083354
vt 0.792350 0.083354
vt 0.039999 0.889206
vt 0.073006 0.889206
vt 0.073006 0.928873
vt 0.039999 0.928873
vt 0.186433 0.384237
vt 0.196794 0.413969
vt 0.158546 0.417563
vt 0.153860 0.386174
vt 0.153975 0.489416
vt 0.155710 0.455001
vt 0.194196 0.456746
vt 0.192102 0.490650
vt 0.190049 0.528989
vt 0.152173 0.527839
vt 0.198387 0.419476
vt 0.118011 0.416647
vt 0.118345 0.383402
vt 0.115651 0.488311
vt 0.116691 0.454067
vt 0.114488 0.526447
vt 0.078057 0.413333
vt 0.083456 0.380103
vt 0.077253 0.487125
vt 0.077705 0.452335
vt 0.076828 0.525636
vt 0.039002 0.399728
vt 0.050604 0.367090
vt 0.038981 0.487164
vt 0.039073 0.452368
vt 0.039072 0.525518
vt 0.038879 0.413695
vt 0.004332 0.381265
vt 0.017692 0.350537
vt 0.961179 0.002308
vt 0.961179 0.035315
vt 0.921513 0.035315
vt 0.921513 0.002308
vt 0.000611 0.487601
vt 0.000570 0.452926
vt 0.000898 0.526084
vt 0.000004 0.414554
vt 0.856830 0.960410
vt 0.823823 0.960410
vt 0.823823 0.920744
vt 0.856830 0.920744
vt 0.956898 0.638859
vt 0.956896 0.603060
vt 0.993490 0.603060
vt 0.993489 0.638859
vt 0.471526 0.884522
vt 0.471525 0.851515
vt 0.511192 0.851515
vt 0.511192 0.884522
vt 0.925361 0.449920
vt 0.925359 0.416912
vt 0.965000 0.416912
vt 0.964999 0.449920
vt 0.704596 0.791517
vt 0.743456 0.791516
vt 0.746535 0.828858
vt 0.707720 0.828858
vt 0.783824 0.265463
vt 0.786976 0.227686
vt 0.825391 0.227686
vt 0.822243 0.265420
vt 0.359990 0.886060
vt 0.359990 0.853053
vt 0.399657 0.853053
vt 0.399657 0.886060
vt 0.956130 0.276575
vt 0.956127 0.240763
vt 0.992715 0.240763
vt 0.992715 0.276575
vt 0.965744 0.647674
vt 0.965748 0.680691
vt 0.926128 0.680691
vt 0.926128 0.647674
vt 0.734325 0.378094
vt 0.734299 0.342026
vt 0.774539 0.340456
vt 0.774565 0.376464
vt 0.531186 0.725577
vt 0.567235 0.725603
vt 0.565587 0.765867
vt 0.529597 0.765842
vt 0.626144 0.991941
vt 0.626137 0.956127
vt 0.662732 0.956127
vt 0.662735 0.991941
vt 0.315376 0.865292
vt 0.315376 0.832285
vt 0.355043 0.832285
vt 0.355043 0.865292
vt 0.418461 0.959911
vt 0.418450 0.926897
vt 0.458062 0.926897
vt 0.458068 0.959911
vt 0.734325 0.305949
vt 0.774565 0.304458
vt 0.495126 0.725603
vt 0.493616 0.765867
vt 0.832285 0.035315
vt 0.832285 0.002308
vt 0.871951 0.002308
vt 0.871951 0.035315
vt 0.295086 0.945358
vt 0.295094 0.981166
vt 0.258455 0.981166
vt 0.258456 0.945358
vt 0.958872 0.159996
vt 0.958872 0.193003
vt 0.919205 0.193003
vt 0.919205 0.159996
vt 0.778451 0.968372
vt 0.778440 0.935359
vt 0.818005 0.935358
vt 0.818005 0.968372
vt 0.818393 0.119997
vt 0.821527 0.157821
vt 0.783098 0.157653
vt 0.779978 0.119997
vt 0.523063 0.808750
vt 0.526208 0.770748
vt 0.564453 0.770748
vt 0.561322 0.808581
vt 0.861514 0.920744
vt 0.894522 0.920744
vt 0.894522 0.960410
vt 0.861514 0.960410
vt 0.426911 0.845301
vt 0.426917 0.812285
vt 0.466745 0.812285
vt 0.466718 0.845301
vt 0.787338 0.846900
vt 0.787338 0.879907
vt 0.747672 0.879907
vt 0.747672 0.846900
vt 0.935605 0.958435
vt 0.935604 0.994223
vt 0.899206 0.994223
vt 0.899227 0.958435
vt 0.824447 0.558446
vt 0.827468 0.596445
vt 0.789126 0.596088
vt 0.786132 0.558446
vt 0.433065 0.769209
vt 0.471320 0.769209
vt 0.474388 0.807289
vt 0.436492 0.807288
vt 0.640680 0.668326
vt 0.641327 0.678643
vt 0.607357 0.678516
vt 0.606749 0.668125
vt 0.531975 0.683846
vt 0.499688 0.684058
vt 0.643200 0.718166
vt 0.610851 0.718497
vt 0.294607 0.869976
vt 0.334274 0.869976
vt 0.334274 0.902983
vt 0.294607 0.902983
vt 0.544151 0.724014
vt 0.538878 0.683840
vt 0.570607 0.680469
vt 0.575566 0.720676
vt 0.678000 0.679198
vt 0.678188 0.679182
vt 0.679171 0.719185
vt 0.651122 0.678563
vt 0.678049 0.679585
vt 0.570759 0.680451
vt 0.570802 0.680862
vt 0.597522 0.678729
vt 0.875360 0.527678
vt 0.915027 0.527678
vt 0.915027 0.560685
vt 0.875360 0.560685
vt 0.925359 0.379220
vt 0.964999 0.379220
vt 0.965002 0.412231
vt 0.925373 0.412231
vt 0.598445 0.892283
vt 0.638112 0.892283
vt 0.638112 0.925290
vt 0.598445 0.925290
vt 0.680750 0.946897
vt 0.717353 0.946897
vt 0.717354 0.982719
vt 0.680761 0.982719
vt 0.337683 0.789978
vt 0.376178 0.789978
vt 0.379251 0.827710
vt 0.340749 0.827634
vt 0.829036 0.682453
vt 0.790747 0.682530
vt 0.793827 0.644598
vt 0.832109 0.644598
vt 0.880745 0.419988
vt 0.920411 0.419988
vt 0.920411 0.452996
vt 0.880745 0.452996
vt 0.433379 0.675599
vt 0.432728 0.637879
vt 0.467700 0.636449
vt 0.468251 0.674496
vt 0.541144 0.632119
vt 0.542522 0.670196
vt 0.510901 0.671892
vt 0.506985 0.634919
vt 0.576332 0.673232
vt 0.577314 0.637495
vt 0.507086 0.674045
vt 0.430645 0.600232
vt 0.465294 0.598140
vt 0.537877 0.593366
vt 0.503678 0.596038
vt 0.548020 0.592627
vt 0.584832 0.602762
vt 0.428053 0.561994
vt 0.462664 0.559677
vt 0.089229 0.850745
vt 0.128895 0.850745
vt 0.128895 0.883753
vt 0.089229 0.883753
vt 0.535113 0.554545
vt 0.500820 0.557373
vt 0.559899 0.555456
vt 0.597056 0.567623
vt 0.696904 0.871514
vt 0.736570 0.871514
vt 0.736570 0.904521
vt 0.696904 0.904521
vt 0.246585 0.860678
vt 0.206919 0.860679
vt 0.206918 0.827669
vt 0.246583 0.827669
vt 0.893052 0.767671
vt 0.932719 0.767671
vt 0.932719 0.800678
vt 0.893052 0.800678
vt 0.829978 0.188457
vt 0.869645 0.188457
vt 0.869643 0.221463
vt 0.829977 0.221463
vt 0.339835 0.297684
vt 0.343393 0.335551
vt 0.305090 0.335551
vt 0.301530 0.297684
vt 0.783292 0.162303
vt 0.779735 0.200254
vt 0.741518 0.200254
vt 0.745073 0.162303
vt 0.928873 0.843754
vt 0.889206 0.843754
vt 0.889206 0.810747
vt 0.928873 0.810747
vt 0.823823 0.088459
vt 0.863489 0.088459
vt 0.863490 0.121470
vt 0.823824 0.121470
vt 0.868437 0.077690
vt 0.908104 0.077690
vt 0.908104 0.110698
vt 0.868437 0.110698
vt 0.963488 0.073003
vt 0.923820 0.073003
vt 0.923821 0.039999
vt 0.963489 0.039999
vt 0.789296 0.040219
vt 0.786132 0.002308
vt 0.824388 0.002308
vt 0.827558 0.040219
vt 0.789209 0.507957
vt 0.792347 0.469987
vt 0.830542 0.469987
vt 0.827411 0.507957
vt 0.844592 0.845361
vt 0.884258 0.845361
vt 0.884259 0.878368
vt 0.844592 0.878368
vt 0.389835 0.224404
vt 0.380116 0.196190
vt 0.411520 0.176366
vt 0.421766 0.206193
vt 0.453160 0.053425
vt 0.491417 0.056806
vt 0.487747 0.091466
vt 0.449274 0.088163
vt 0.495121 0.018406
vt 0.457080 0.014952
vt 0.445359 0.126449
vt 0.484099 0.129784
vt 0.365932 0.170378
vt 0.394531 0.146205
vt 0.415197 0.049526
vt 0.410853 0.084377
vt 0.419545 0.011127
vt 0.405708 0.123164
vt 0.344469 0.149155
vt 0.364988 0.119348
vt 0.377582 0.044894
vt 0.372743 0.079932
vt 0.382325 0.006367
vt 0.312169 0.137813
vt 0.328022 0.107157
vt 0.865361 0.269223
vt 0.905027 0.269223
vt 0.905027 0.302231
vt 0.865360 0.302231
vt 0.339908 0.039030
vt 0.335482 0.072199
vt 0.344879 0.001128
vt 0.871514 0.115382
vt 0.911181 0.115382
vt 0.911181 0.148389
vt 0.871514 0.148389
vt 0.860410 0.303786
vt 0.820750 0.303785
vt 0.820746 0.270762
vt 0.860408 0.270762
vt 0.733826 0.922282
vt 0.773492 0.922282
vt 0.773492 0.955289
vt 0.733826 0.955289
vt 0.923824 0.565369
vt 0.963479 0.565369
vt 0.963477 0.598371
vt 0.923820 0.598371
vt 0.609233 0.768440
vt 0.605894 0.806374
vt 0.567677 0.806374
vt 0.570985 0.768440
vt 0.764067 0.798729
vt 0.760748 0.760748
vt 0.798920 0.760748
vt 0.802268 0.798729
vt 0.922282 0.888104
vt 0.922282 0.848438
vt 0.955289 0.848438
vt 0.955289 0.888104
vt 0.956898 0.197687
vt 0.993489 0.197687
vt 0.993490 0.233486
vt 0.956896 0.233486
vt 0.874259 0.073006
vt 0.834592 0.073006
vt 0.834592 0.039999
vt 0.874259 0.039999
vt 0.117329 0.959136
vt 0.077691 0.959136
vt 0.077690 0.926128
vt 0.117331 0.926128
vt 0.833456 0.425373
vt 0.830332 0.462714
vt 0.791517 0.462714
vt 0.794595 0.425373
vt 0.285402 0.822372
vt 0.246985 0.822329
vt 0.243840 0.784594
vt 0.282253 0.784594
vt 0.873490 0.522994
vt 0.833823 0.522994
vt 0.833823 0.489986
vt 0.873490 0.489987
vt 0.993481 0.149656
vt 0.956897 0.149656
vt 0.956896 0.113843
vt 0.993484 0.113843
vt 0.492298 0.926128
vt 0.531915 0.926128
vt 0.531914 0.959145
vt 0.492294 0.959145
vt 0.738453 0.229346
vt 0.778693 0.230975
vt 0.778668 0.266983
vt 0.738428 0.265413
vt 0.730554 0.116724
vt 0.732142 0.156988
vt 0.696153 0.157014
vt 0.694504 0.116749
vt 0.241970 0.988864
vt 0.205379 0.988864
vt 0.205382 0.953050
vt 0.241978 0.953050
vt 0.215816 0.941444
vt 0.176149 0.941444
vt 0.176149 0.908436
vt 0.215816 0.908436
vt 0.576515 0.962988
vt 0.536908 0.962988
vt 0.536915 0.929974
vt 0.576526 0.929974
vt 0.778693 0.302981
vt 0.738454 0.301491
vt 0.766614 0.116749
vt 0.768123 0.157014
vt 0.920411 0.415304
vt 0.880745 0.415305
vt 0.880745 0.382297
vt 0.920411 0.382297
vt 0.943828 0.893052
vt 0.980458 0.893052
vt 0.980460 0.928860
vt 0.943820 0.928860
vt 0.372229 0.890745
vt 0.372229 0.930411
vt 0.339221 0.930411
vt 0.339221 0.890745
vt 0.303849 0.935359
vt 0.343403 0.935358
vt 0.343403 0.968372
vt 0.303838 0.968372
vt 0.786958 0.184610
vt 0.825373 0.184610
vt 0.822253 0.222267
vt 0.783824 0.222435
vt 0.820599 0.345686
vt 0.782340 0.345517
vt 0.779209 0.307684
vt 0.817454 0.307684
vt 0.171202 0.936059
vt 0.131535 0.936059
vt 0.131535 0.903052
vt 0.171202 0.903052
vt 0.511359 0.846840
vt 0.471553 0.846840
vt 0.471525 0.813823
vt 0.511354 0.813823
vt 0.595036 0.887599
vt 0.555369 0.887599
vt 0.555369 0.854592
vt 0.595036 0.854592
vt 0.959204 0.281531
vt 0.995582 0.281531
vt 0.995603 0.317319
vt 0.959205 0.317319
vt 0.791461 0.601522
vt 0.829775 0.601522
vt 0.826782 0.639164
vt 0.788440 0.639521
vt 0.520540 0.770748
vt 0.517113 0.808827
vt 0.479218 0.808827
vt 0.482286 0.770748
vt 0.077780 0.241572
vt 0.099871 0.270627
vt 0.228299 0.261773
vt 0.254088 0.233034
vt 0.254839 0.233343
vt 0.228365 0.262238
vt 0.188467 0.264656
vt 0.182602 0.304465
vt 0.149566 0.309844
vt 0.139716 0.268019
vt 0.099725 0.271003
vt 0.077174 0.242056
vt 0.248762 0.228307
vt 0.323613 0.143956
vt 0.329476 0.148788
vt 0.329094 0.149402
vt 0.328303 0.148840
vt 0.305743 0.174676
vt 0.306471 0.175286
vt 0.278114 0.207507
vt 0.277368 0.206899
vt 0.254186 0.232309
vt 0.230064 0.054203
vt 0.127089 0.054203
vt 0.127104 0.012469
vt 0.230079 0.012469
vt 0.127107 0.003773
vt 0.230082 0.003773
vt 0.237246 0.054203
vt 0.237261 0.012469
vt 0.119907 0.054203
vt 0.119922 0.012469
vt 0.113638 0.161910
vt 0.152274 0.165172
vt 0.245658 0.080117
vt 0.244814 0.043299
vt 0.245543 0.043324
vt 0.245949 0.080539
vt 0.217358 0.106426
vt 0.240216 0.142664
vt 0.213846 0.162833
vt 0.181595 0.138814
vt 0.152508 0.165547
vt 0.113300 0.162664
vt 0.000730 0.157424
vt 0.000000 0.157323
vt 0.000397 0.149630
vt 0.113860 0.154616
vt 0.113041 0.161456
vt 0.078399 0.160139
vt 0.077949 0.161100
vt 0.035238 0.159103
vt 0.035285 0.158149
vt 0.000828 0.156460
vt 0.692917 0.268179
vt 0.732702 0.268179
vt 0.732702 0.376201
vt 0.692917 0.376201
vt 0.426737 0.139658
vt 0.426866 0.131356
vt 0.534731 0.131356
vt 0.534601 0.139657
vt 0.390758 0.131355
vt 0.390628 0.139656
vt 0.963819 0.090767
vt 0.999990 0.090767
vt 0.999990 0.099054
vt 0.963819 0.099054
vt 0.277494 0.207028
vt 0.254337 0.232428
vt 0.255317 0.284820
vt 0.228865 0.305601
vt 0.303644 0.232027
vt 0.280715 0.257027
vt 0.202920 0.330931
vt 0.182472 0.304622
vt 0.176741 0.310207
vt 0.283371 0.309568
vt 0.259159 0.334586
vt 0.879206 0.598376
vt 0.879206 0.565369
vt 0.918873 0.565369
vt 0.918873 0.598376
vt 0.330728 0.256527
vt 0.308300 0.281467
vt 0.254933 0.333746
vt 0.227183 0.358352
vt 0.847669 0.738372
vt 0.847669 0.705365
vt 0.887335 0.705365
vt 0.887335 0.738372
vt 0.936897 0.758859
vt 0.936897 0.723057
vt 0.973544 0.723057
vt 0.973548 0.758859
vt 0.703057 0.866830
vt 0.703057 0.833823
vt 0.742724 0.833823
vt 0.742724 0.866830
vt 0.041910 0.933820
vt 0.041911 0.966821
vt 0.002314 0.966821
vt 0.002308 0.933820
vt 0.841256 0.725725
vt 0.803055 0.725726
vt 0.806047 0.687673
vt 0.844094 0.687673
vt 0.201812 0.847247
vt 0.163602 0.847247
vt 0.160765 0.809208
vt 0.198821 0.809208
vt 0.834592 0.606838
vt 0.834592 0.573830
vt 0.874259 0.573830
vt 0.874259 0.606838
vt 0.526023 0.174778
vt 0.548024 0.201874
vt 0.518431 0.226813
vt 0.496491 0.199526
vt 0.545841 0.343013
vt 0.552701 0.305922
vt 0.581331 0.312049
vt 0.573069 0.348793
vt 0.472043 0.169542
vt 0.501493 0.144933
vt 0.572678 0.231594
vt 0.542923 0.256806
vt 0.488635 0.251563
vt 0.466909 0.223868
vt 0.517732 0.340632
vt 0.519829 0.303215
vt 0.442671 0.193516
vt 0.512478 0.282368
vt 0.458643 0.275617
vt 0.437097 0.247462
vt 0.487958 0.344584
vt 0.481003 0.308673
vt 0.412979 0.216820
vt 0.427070 0.297203
vt 0.406972 0.270159
vt 0.795363 0.846130
vt 0.828370 0.846130
vt 0.828370 0.885797
vt 0.795362 0.885797
vt 0.456866 0.359468
vt 0.446539 0.327703
vt 0.382982 0.240208
vt 0.836131 0.485302
vt 0.836131 0.452295
vt 0.875797 0.452295
vt 0.875797 0.485302
vt 0.652145 0.393095
vt 0.650606 0.428283
vt 0.612651 0.427487
vt 0.614286 0.391744
vt 0.592396 0.517114
vt 0.603259 0.482673
vt 0.631140 0.500737
vt 0.619522 0.534219
vt 0.615824 0.352476
vt 0.654072 0.354114
vt 0.649100 0.467433
vt 0.610626 0.467169
vt 0.575329 0.426105
vt 0.576756 0.390055
vt 0.563236 0.502778
vt 0.572057 0.466864
vt 0.577734 0.350631
vt 0.539192 0.422313
vt 0.539892 0.387718
vt 0.684264 0.873822
vt 0.684264 0.906829
vt 0.644598 0.906829
vt 0.644598 0.873822
vt 0.529741 0.494802
vt 0.535413 0.460242
vt 0.539149 0.348982
vt 0.639650 0.854592
vt 0.639650 0.887599
vt 0.599983 0.887599
vt 0.599983 0.854592
vt 0.247234 0.410933
vt 0.252278 0.377642
vt 0.290741 0.378577
vt 0.285015 0.412440
vt 0.376435 0.256994
vt 0.342824 0.265476
vt 0.334677 0.226061
vt 0.368660 0.219231
vt 0.277213 0.449499
vt 0.239111 0.447799
vt 0.255090 0.340332
vt 0.294897 0.341027
vt 0.329368 0.380373
vt 0.322810 0.414322
vt 0.388361 0.292835
vt 0.356276 0.306054
vt 0.314732 0.450913
vt 0.335616 0.342730
vt 0.365712 0.383723
vt 0.358746 0.416740
vt 0.409389 0.325416
vt 0.380235 0.346488
vt 0.354628 0.451826
vt 0.387395 0.390666
vt 0.383708 0.415630
vt 0.447140 0.358028
vt 0.421874 0.379669
vt 0.406395 0.437753
vt 0.634769 0.132545
vt 0.625021 0.097674
vt 0.653839 0.099297
vt 0.668096 0.127593
vt 0.686122 0.080205
vt 0.703836 0.109727
vt 0.700679 0.050171
vt 0.638358 0.060437
vt 0.654427 0.031373
vt 0.675091 0.000000
vt 0.701461 0.013923
vt 0.113017 0.161652
vt 0.078782 0.160443
vt 0.182248 0.196438
vt 0.148854 0.200297
vt 0.077534 0.196203
vt 0.111327 0.197971
vt 0.214041 0.162840
vt 0.218473 0.196192
vt 0.220399 0.159004
vt 0.181045 0.238394
vt 0.146115 0.237624
vt 0.952212 0.197687
vt 0.952212 0.237354
vt 0.919205 0.237354
vt 0.919205 0.197687
vt 0.075093 0.232649
vt 0.108582 0.234839
vt 0.220121 0.232998
vt 0.183070 0.234655
vt 0.298890 0.940674
vt 0.259224 0.940674
vt 0.259224 0.907667
vt 0.298890 0.907667
vt 0.122305 0.940743
vt 0.158956 0.940743
vt 0.158952 0.976545
vt 0.122305 0.976545
vt 0.888104 0.806063
vt 0.848438 0.806063
vt 0.848438 0.773055
vt 0.888105 0.773055
vt 0.929975 0.685366
vt 0.969577 0.685366
vt 0.969572 0.718366
vt 0.929974 0.718367
vt 0.753587 0.841876
vt 0.750748 0.803824
vt 0.788796 0.803824
vt 0.791788 0.841876
vt 0.563831 0.849555
vt 0.566822 0.811516
vt 0.604878 0.811516
vt 0.602041 0.849554
vt 0.875797 0.416843
vt 0.836131 0.416843
vt 0.836131 0.383836
vt 0.875797 0.383836
vt 0.478414 0.396085
vt 0.481796 0.434467
vt 0.446987 0.438247
vt 0.443696 0.399687
vt 0.345434 0.501025
vt 0.322092 0.485859
vt 0.342230 0.454041
vt 0.366808 0.469954
vt 0.516862 0.392327
vt 0.520285 0.430553
vt 0.408459 0.442136
vt 0.405248 0.403269
vt 0.485500 0.472597
vt 0.450554 0.476818
vt 0.366996 0.519219
vt 0.391969 0.491283
vt 0.524102 0.468275
vt 0.411912 0.481740
vt 0.489897 0.510362
vt 0.454752 0.515034
vt 0.385256 0.543069
vt 0.415567 0.522596
vt 0.528618 0.505749
vt 0.495149 0.547713
vt 0.461814 0.552624
vt 0.917334 0.916060
vt 0.877668 0.916060
vt 0.877668 0.883052
vt 0.917334 0.883052
vt 0.396719 0.575580
vt 0.426482 0.560423
vt 0.533291 0.543499
vt 0.918104 0.522994
vt 0.878437 0.522994
vt 0.878437 0.489987
vt 0.918104 0.489986
vt 0.722288 0.959973
vt 0.758632 0.959973
vt 0.758632 0.995712
vt 0.722288 0.995712
vt 0.869976 0.339922
vt 0.869976 0.306915
vt 0.909642 0.306915
vt 0.909642 0.339922
vt 0.376913 0.925359
vt 0.413533 0.925359
vt 0.413532 0.961395
vt 0.376913 0.961395
vt 0.694740 0.793055
vt 0.698146 0.831086
vt 0.659707 0.831083
vt 0.656905 0.793055
vt 0.843527 0.803055
vt 0.840726 0.841081
vt 0.802285 0.841084
vt 0.805691 0.803055
vt 0.881514 0.680682
vt 0.881514 0.647674
vt 0.921181 0.647674
vt 0.921180 0.680682
vt 0.995941 0.879037
vt 0.959973 0.879037
vt 0.959974 0.843053
vt 0.995941 0.843053
vt 0.444271 0.887668
vt 0.444271 0.920675
vt 0.404604 0.920675
vt 0.404604 0.887668
vt 0.516140 0.850593
vt 0.516140 0.813823
vt 0.552159 0.813823
vt 0.552159 0.850592
vt 0.612291 0.806371
vt 0.615156 0.768440
vt 0.653834 0.768440
vt 0.650088 0.806370
vt 0.392197 0.807145
vt 0.388451 0.769209
vt 0.427122 0.769209
vt 0.429988 0.807146
vt 0.916565 0.002308
vt 0.916565 0.035315
vt 0.876899 0.035315
vt 0.876899 0.002308
vt 0.461526 0.963819
vt 0.497470 0.963819
vt 0.497469 0.999628
vt 0.461526 0.999628
vt 0.002308 0.919642
vt 0.002308 0.879975
vt 0.035315 0.879975
vt 0.035315 0.919642
vt 0.002308 0.812285
vt 0.039551 0.812285
vt 0.039550 0.848023
vt 0.002309 0.848023
vt 0.076152 0.803309
vt 0.078845 0.765363
vt 0.117698 0.765363
vt 0.113725 0.803305
vt 0.201661 0.804077
vt 0.197687 0.766133
vt 0.236536 0.766133
vt 0.239230 0.804081
vt 0.819139 0.890745
vt 0.819139 0.930411
vt 0.786132 0.930411
vt 0.786132 0.890745
vt 0.786585 0.451834
vt 0.784952 0.487001
vt 0.748614 0.486875
vt 0.750247 0.451709
vt 0.748655 0.667137
vt 0.746752 0.630338
vt 0.783148 0.630196
vt 0.785051 0.666994
vt 0.115076 0.760173
vt 0.111942 0.719830
vt 0.148633 0.718651
vt 0.150081 0.759023
vt 0.747511 0.415911
vt 0.707150 0.414472
vt 0.708328 0.377772
vt 0.748661 0.380898
vt 0.783345 0.521585
vt 0.747007 0.521458
vt 0.918873 0.073006
vt 0.879206 0.073006
vt 0.879206 0.039999
vt 0.918873 0.039999
vt 0.750590 0.704545
vt 0.786986 0.704401
vt 0.186037 0.719959
vt 0.184604 0.760173
vt 0.748661 0.450442
vt 0.708456 0.451884
vt 0.914258 0.261463
vt 0.874591 0.261463
vt 0.874591 0.228455
vt 0.914258 0.228455
vt 0.694879 0.636440
vt 0.659288 0.635913
vt 0.656043 0.601367
vt 0.692327 0.604023
vt 0.639735 0.530851
vt 0.680128 0.517639
vt 0.692957 0.549920
vt 0.652378 0.563259
vt 0.703824 0.672058
vt 0.662263 0.672547
vt 0.694991 0.567797
vt 0.634843 0.632956
vt 0.632560 0.603080
vt 0.590316 0.545255
vt 0.603021 0.577044
vt 0.611169 0.657445
vt 0.393984 0.653675
vt 0.360657 0.648723
vt 0.374914 0.620426
vt 0.403732 0.618803
vt 0.324918 0.630857
vt 0.342632 0.601335
vt 0.328074 0.571300
vt 0.374325 0.552502
vt 0.390395 0.581566
vt 0.353661 0.521129
vt 0.327292 0.535053
vt 0.077948 0.241218
vt 0.077778 0.241288
vt 0.058695 0.214029
vt 0.058832 0.213926
vt 0.103219 0.312978
vt 0.072119 0.294426
vt 0.030884 0.234856
vt 0.049731 0.262902
vt 0.150697 0.309768
vt 0.150268 0.309858
vt 0.131400 0.336919
vt 0.077232 0.342567
vt 0.049879 0.324423
vt 0.919974 0.527678
vt 0.959641 0.527678
vt 0.959641 0.560685
vt 0.919974 0.560685
vt 0.000673 0.253577
vt 0.018208 0.281629
vt 0.110677 0.367222
vt 0.082125 0.345449
vt 0.037504 0.313934
vt 0.931949 0.762987
vt 0.892283 0.762987
vt 0.892283 0.729980
vt 0.931949 0.729980
vt 0.937666 0.763825
vt 0.974317 0.763825
vt 0.974313 0.799627
vt 0.937666 0.799627
vt 0.211201 0.898368
vt 0.171534 0.898368
vt 0.171534 0.865361
vt 0.211201 0.865361
vt 0.581523 0.929974
vt 0.621126 0.929974
vt 0.621120 0.962975
vt 0.581522 0.962975
vt 0.806662 0.768801
vt 0.803824 0.730749
vt 0.841871 0.730749
vt 0.844864 0.768801
vt 0.607675 0.849555
vt 0.610666 0.811516
vt 0.648723 0.811516
vt 0.645886 0.849554
vt 0.083512 0.884522
vt 0.043845 0.884522
vt 0.043845 0.851515
vt 0.083512 0.851515
vt 0.268715 0.471744
vt 0.272099 0.510125
vt 0.237291 0.513908
vt 0.233999 0.475349
vt 0.135754 0.576705
vt 0.112419 0.561541
vt 0.132565 0.529702
vt 0.157137 0.545614
vt 0.307163 0.467985
vt 0.310587 0.506209
vt 0.198765 0.517800
vt 0.195551 0.478932
vt 0.275805 0.548254
vt 0.240860 0.552477
vt 0.157310 0.594894
vt 0.182290 0.566944
vt 0.314406 0.543930
vt 0.202220 0.557402
vt 0.280203 0.586017
vt 0.245060 0.590693
vt 0.175563 0.618739
vt 0.205876 0.598258
vt 0.318924 0.581402
vt 0.285456 0.623367
vt 0.252121 0.628280
vt 0.133843 0.891951
vt 0.133843 0.852284
vt 0.166850 0.852284
vt 0.166850 0.891951
vt 0.187021 0.651246
vt 0.216787 0.636083
vt 0.323598 0.619150
vt 0.255815 0.903752
vt 0.216148 0.903752
vt 0.216148 0.870745
vt 0.255815 0.870745
vt 0.504848 0.044114
vt 0.542708 0.042763
vt 0.544343 0.078506
vt 0.506388 0.079302
vt 0.564599 0.168132
vt 0.537474 0.185238
vt 0.525857 0.151756
vt 0.553736 0.133692
vt 0.502921 0.005133
vt 0.541170 0.003495
vt 0.546368 0.118188
vt 0.507893 0.118452
vt 0.580238 0.041073
vt 0.581666 0.077124
vt 0.593759 0.153797
vt 0.584938 0.117882
vt 0.579260 0.001650
vt 0.617102 0.038737
vt 0.617803 0.073332
vt 0.426911 0.849976
vt 0.466578 0.849976
vt 0.466578 0.882984
vt 0.426911 0.882984
vt 0.627253 0.145820
vt 0.621582 0.111260
vt 0.617846 0.000000
vt 0.836900 0.649213
vt 0.876566 0.649213
vt 0.876566 0.682220
vt 0.836900 0.682220
vt 0.290282 0.213908
vt 0.316304 0.190196
vt 0.341910 0.215980
vt 0.315888 0.239691
vt 0.748663 0.077728
vt 0.746761 0.040930
vt 0.783157 0.040787
vt 0.785059 0.077585
vt 0.750793 0.706117
vt 0.753926 0.746460
vt 0.717235 0.747639
vt 0.715787 0.707267
vt 0.197289 0.335525
vt 0.167731 0.363046
vt 0.142614 0.336262
vt 0.173344 0.309953
vt 0.341895 0.166878
vt 0.367500 0.192663
vt 0.251532 0.833054
vt 0.291198 0.833054
vt 0.291198 0.866061
vt 0.251532 0.866061
vt 0.750598 0.115136
vt 0.786994 0.114992
vt 0.679831 0.746331
vt 0.681264 0.706117
vt 0.222519 0.359128
vt 0.195110 0.388577
vt 0.830746 0.536139
vt 0.870413 0.536139
vt 0.870413 0.569146
vt 0.830746 0.569146
vt 0.138416 0.601916
vt 0.112876 0.626710
vt 0.086154 0.604577
vt 0.113689 0.580799
vt 0.024760 0.566246
vt 0.043980 0.528342
vt 0.075877 0.542096
vt 0.056616 0.580223
vt 0.169927 0.620777
vt 0.140884 0.650510
vt 0.089957 0.553299
vt 0.093500 0.641905
vt 0.070761 0.622393
vt 0.000000 0.611375
vt 0.031463 0.624870
vt 0.094076 0.675960
vt 0.258895 0.646635
vt 0.255003 0.680018
vt 0.226707 0.669080
vt 0.224111 0.640191
vt 0.238853 0.719384
vt 0.207817 0.700403
vt 0.178099 0.715524
vt 0.158482 0.669633
vt 0.187299 0.653278
vt 0.127562 0.690663
vt 0.141912 0.716864
vt 0.239687 0.010330
vt 0.244591 0.043172
vt 0.244423 0.043236
vt 0.239516 0.010350
vt 0.283286 0.078525
vt 0.274797 0.112562
vt 0.274313 0.006537
vt 0.279456 0.040091
vt 0.271879 0.149009
vt 0.239708 0.143157
vt 0.239514 0.143246
vt 0.319872 0.084849
vt 0.313753 0.117922
vt 0.593497 0.892283
vt 0.593497 0.925290
vt 0.553831 0.925290
vt 0.553831 0.892283
vt 0.309350 0.000000
vt 0.315368 0.032748
vt 0.313311 0.118665
vt 0.307677 0.155154
vt 0.322489 0.069950
vt 0.880745 0.377613
vt 0.880745 0.344606
vt 0.920411 0.344606
vt 0.920411 0.377613
vt 0.943820 0.979622
vt 0.943820 0.943820
vt 0.980467 0.943820
vt 0.980471 0.979622
vt 0.741518 0.917598
vt 0.741518 0.884591
vt 0.781184 0.884591
vt 0.781184 0.917598
vt 0.933821 0.838363
vt 0.933820 0.805362
vt 0.973418 0.805362
vt 0.973423 0.838363
vt 0.152814 0.845722
vt 0.114612 0.845722
vt 0.117605 0.807670
vt 0.155652 0.807670
vt 0.085662 0.846478
vt 0.047452 0.846477
vt 0.044614 0.808439
vt 0.082671 0.808439
vt 0.874591 0.223771
vt 0.874591 0.190764
vt 0.914258 0.190764
vt 0.914258 0.223771
vt 0.237202 0.454226
vt 0.200849 0.454338
vt 0.202355 0.418362
vt 0.238709 0.418247
vt 0.719414 0.786077
vt 0.719529 0.749624
vt 0.755498 0.748031
vt 0.755386 0.784484
vt 0.491870 0.764367
vt 0.455908 0.764292
vt 0.457499 0.724009
vt 0.493552 0.724085
vt 0.035905 0.723485
vt 0.071857 0.723409
vt 0.073545 0.763700
vt 0.037502 0.763776
vt 0.203857 0.382439
vt 0.240211 0.382322
vt 0.938872 0.920744
vt 0.938872 0.953751
vt 0.899206 0.953751
vt 0.899206 0.920744
vt 0.683391 0.787670
vt 0.683508 0.751217
vt 0.419993 0.764367
vt 0.421388 0.724086
vt 0.000000 0.723409
vt 0.001402 0.763699
vt 0.728878 0.909205
vt 0.728878 0.942213
vt 0.689212 0.942213
vt 0.689212 0.909205
vt 0.654562 0.315844
vt 0.654683 0.352195
vt 0.618813 0.350709
vt 0.618691 0.314358
vt 0.036151 0.212822
vt 0.036275 0.176361
vt 0.072345 0.174759
vt 0.072222 0.211220
vt 0.268580 0.779254
vt 0.268864 0.743604
vt 0.309376 0.743608
vt 0.309090 0.779565
vt 0.780873 0.558998
vt 0.781158 0.594640
vt 0.740639 0.594951
vt 0.740353 0.559003
vt 0.583026 0.349229
vt 0.582902 0.312878
vt 0.449218 0.922213
vt 0.449218 0.889206
vt 0.488885 0.889206
vt 0.488885 0.922213
vt 0.000000 0.214425
vt 0.000126 0.177964
vt 0.268580 0.708035
vt 0.309088 0.707571
vt 0.781158 0.523438
vt 0.740641 0.522974
vt 0.914521 0.642727
vt 0.881514 0.642727
vt 0.881514 0.603060
vt 0.914521 0.603060
vt 0.787044 0.449866
vt 0.750473 0.449990
vt 0.750353 0.414474
vt 0.786924 0.414348
vt 0.347016 0.785234
vt 0.347146 0.748675
vt 0.383240 0.748804
vt 0.383111 0.785364
vt 0.257964 0.761615
vt 0.222341 0.761153
vt 0.223977 0.720785
vt 0.260168 0.721251
vt 0.643039 0.763357
vt 0.607413 0.763818
vt 0.605212 0.723458
vt 0.641407 0.722993
vt 0.750232 0.379085
vt 0.786803 0.378958
vt 0.875797 0.346144
vt 0.875797 0.379152
vt 0.836131 0.379152
vt 0.836131 0.346144
vt 0.310789 0.785102
vt 0.310921 0.748543
vt 0.186807 0.761615
vt 0.187615 0.721259
vt 0.678576 0.763818
vt 0.677773 0.723467
vt 0.652290 0.869138
vt 0.652290 0.836131
vt 0.691956 0.836131
vt 0.691956 0.869138
vt 0.046922 0.999628
vt 0.046922 0.963819
vt 0.082865 0.963819
vt 0.082866 0.999628
vt 0.676066 0.951180
vt 0.643059 0.951180
vt 0.643059 0.911513
vt 0.676066 0.911513
vt 0.421848 0.812285
vt 0.421847 0.848023
vt 0.384605 0.848023
vt 0.384605 0.812285
vt 0.166159 0.802540
vt 0.128586 0.802536
vt 0.124612 0.764594
vt 0.163466 0.764594
vt 0.039877 0.806385
vt 0.002308 0.806389
vt 0.005001 0.768440
vt 0.043851 0.768440
vt 0.951180 0.266147
vt 0.951180 0.299154
vt 0.911513 0.299154
vt 0.911513 0.266147
vt 0.045132 0.026794
vt 0.079712 0.029205
vt 0.078502 0.066839
vt 0.042666 0.064079
vt 0.169950 0.096523
vt 0.137271 0.079439
vt 0.158783 0.055775
vt 0.190791 0.073751
vt 0.003490 0.060936
vt 0.006702 0.022617
vt 0.118343 0.030605
vt 0.118003 0.069657
vt 0.076587 0.103511
vt 0.040019 0.100601
vt 0.152717 0.123586
vt 0.117496 0.109480
vt 0.000410 0.099297
vt 0.071411 0.135976
vt 0.038193 0.134958
vt 0.913052 0.110698
vt 0.913052 0.077690
vt 0.952718 0.077690
vt 0.952718 0.110698
vt 0.140821 0.159005
vt 0.106650 0.148202
vt 0.000000 0.140622
vt 0.516140 0.881514
vt 0.549147 0.881514
vt 0.549147 0.921181
vt 0.516140 0.921180
vt 0.096933 0.735482
vt 0.071668 0.717248
vt 0.087049 0.697504
vt 0.112330 0.715748
vt 0.053859 0.640133
vt 0.076830 0.662363
vt 0.039623 0.702214
vt 0.016733 0.679961
vt 0.000000 0.647827
vt 0.018574 0.631299
vt 0.259302 0.637224
vt 0.294173 0.627476
vt 0.292550 0.656294
vt 0.264253 0.670551
vt 0.311641 0.688576
vt 0.282120 0.706290
vt 0.341676 0.703134
vt 0.331410 0.640813
vt 0.360473 0.656882
vt 0.391847 0.677546
vt 0.377923 0.703916
vt 0.745181 0.596523
vt 0.745181 0.704545
vt 0.705396 0.704545
vt 0.705396 0.596523
vt 0.107755 0.008310
vt 0.000000 0.008310
vt 0.000000 0.000000
vt 0.107755 0.000000
vt 0.697069 0.266607
vt 0.697069 0.158585
vt 0.736854 0.158585
vt 0.736854 0.266607
vt 0.201229 0.258148
vt 0.093548 0.258148
vt 0.093548 0.249832
vt 0.201229 0.249832
vt 0.510579 0.999999
vt 0.502294 0.999999
vt 0.502294 0.963819
vt 0.510579 0.963819
vt 0.515370 0.963819
vt 0.523655 0.963819
vt 0.523655 0.999999
vt 0.515370 0.999999
vt 0.705404 0.000000
vt 0.745189 0.000000
vt 0.745189 0.108022
vt 0.705404 0.108022
vt 0.107845 0.012743
vt 0.107845 0.021046
vt 0.000000 0.021046
vt 0.000000 0.012743
vt 0.698997 0.486930
vt 0.738782 0.486930
vt 0.738782 0.594951
vt 0.698997 0.594951
vt 0.150487 0.162678
vt 0.144608 0.156798
vt 0.220757 0.080649
vt 0.226637 0.086528
vt 0.763825 0.999996
vt 0.763825 0.963819
vt 0.772110 0.963819
vt 0.772110 0.999996
vt 0.667674 0.999996
vt 0.667674 0.963819
vt 0.675959 0.963819
vt 0.675959 0.999996

# vertex normals
vn -1.000000 0.000000 0.000000
vn 0.000000 -0.000000 -1.000000
vn 1.000000 0.000000 0.000000
vn 0.000000 0.000000 1.000000
vn 0.000000 -1.000000 0.000000
vn 0.000000 1.000000 -0.000000
vn 0.000000 -0.000000 -1.000000
vn 0.000000 0.000000 1.000000
vn 0.000000 -1.000000 0.000000
vn 0.000000 -1.000000 0.000000
vn 0.000000 -1.000000 0.000000
vn 0.000000 -1.000000 0.000000
vn 0.000000 -1.000000 0.000000
vn 0.000000 -1.000000 0.000000
vn 0.000000 -1.000000 0.000000
vn 0.000000 -1.000000 0.000000
vn 0.000000 -1.000000 0.000000
vn 0.000000 -1.000000 0.000000
vn 0.000000 -1.000000 0.000000
vn 0.000000 -1.000000 0.000000
vn 0.000000 -1.000000 0.000000
vn -0.000000 -1.000000 0.000000
vn -0.000000 -1.000000 0.000000
vn -0.000000 -1.000000 0.000000
vn -0.000000 -1.000000 0.000000
vn 0.000000 -1.000000 0.000000
vn -0.306057 -0.901476 0.306057
vn 0.332819 -0.882305 0.332819
vn 0.306057 -0.901476 -0.306057
vn -0.332819 -0.882305 -0.332819
vn -0.000000 0.000000 1.000000
vn -1.000000 -0.000000 -0.000000
vn 0.000000 0.000000 -1.000000
vn 1.000000 0.000000 0.000000
vn 0.000000 -1.000000 0.000000
vn -0.000000 1.000000 -0.000000
vn 0.013929 0.000002 -0.999903
vn 0.013928 0.000000 -0.999903
vn 0.999959 -0.000001 0.009035
vn -0.007578 0.000875 0.999971
vn -0.999959 0.000001 -0.009046
vn -0.000009 -1.000000 0.000669
vn 0.000008 1.000000 -0.000669
vn 0.007578 -0.000875 -0.999971
vn 0.999981 -0.000004 0.006137
vn -0.005550 0.001169 0.999984
vn -0.999981 0.000004 -0.006138
vn -0.000011 -0.999999 0.001078
vn 0.000011 0.999999 -0.001078
vn 0.005550 -0.001169 -0.999984
vn 0.999988 -0.000006 0.004971
vn -0.999988 0.000005 -0.004971
vn -0.000012 -0.999999 0.001256
vn 0.000012 0.999999 -0.001257
vn 0.999990 -0.000006 0.004517
vn -0.999990 0.000006 -0.004518
vn -0.000012 -0.999999 0.001344
vn 0.000012 0.999999 -0.001344
vn 0.999990 -0.000006 0.004394
vn -0.004387 0.001395 0.999989
vn -0.999990 0.000006 -0.004394
vn -0.000012 -0.999999 0.001378
vn 0.000012 0.999999 -0.001377
vn 0.004387 -0.001395 -0.999989
vn 0.999991 -0.000006 0.004333
vn -0.004441 0.001415 0.999989
vn -0.999991 0.000006 -0.004333
vn -0.000013 -0.999999 0.001415
vn 0.000012 0.999999 -0.001416
vn 0.004441 -0.001415 -0.999989
vn 0.999990 -0.000006 0.004479
vn -0.004597 0.001422 0.999988
vn -0.999990 0.000006 -0.004479
vn -0.000013 -0.999999 0.001424
vn 0.000013 0.999999 -0.001424
vn 0.004597 -0.001422 -0.999988
vn 0.999989 -0.000006 0.004598
vn -0.999989 0.000006 -0.004598
vn -0.000012 -0.999999 0.001431
vn 0.000013 0.999999 -0.001430
vn 0.999987 -0.000005 0.005051
vn -0.999987 0.000005 -0.005051
vn -0.000012 -0.999999 0.001419
vn 0.000013 0.999999 -0.001419
vn 0.999986 -0.000005 0.005192
vn -0.999986 0.000005 -0.005192
vn -0.000012 -0.999999 0.001416
vn 0.000013 0.999999 -0.001415
vn 0.999981 -0.000004 0.006124
vn -0.999981 0.000004 -0.006124
vn -0.000012 -0.999999 0.001372
vn 0.000012 0.999999 -0.001372
vn 0.999979 -0.000003 0.006456
vn -0.007138 0.001314 0.999974
vn -0.999979 0.000003 -0.006456
vn -0.000012 -0.999999 0.001354
vn 0.000012 0.999999 -0.001353
vn 0.007138 -0.001314 -0.999974
vn 0.999971 -0.000002 0.007668
vn -0.008297 0.001246 0.999965
vn -0.999971 0.000002 -0.007668
vn -0.000011 -0.999999 0.001285
vn 0.000012 0.999999 -0.001286
vn 0.008297 -0.001246 -0.999965
vn 0.999960 -0.000000 0.008920
vn -0.999960 0.000000 -0.008919
vn -0.000011 -0.999999 0.001209
vn 0.000011 0.999999 -0.001209
vn 0.999948 0.000001 0.010201
vn -0.012157 0.001007 0.999926
vn -0.999948 -0.000001 -0.010199
vn -0.000011 -0.999999 0.001131
vn 0.000011 0.999999 -0.001131
vn 0.012157 -0.001007 -0.999926
vn 0.999904 0.000005 0.013856
vn -0.016612 0.000719 0.999862
vn -0.999904 -0.000005 -0.013853
vn -0.000008 -1.000000 0.000899
vn 0.000008 1.000000 -0.000899
vn 0.016612 -0.000719 -0.999862
vn 0.999806 0.000010 0.019696
vn -0.026039 0.000106 0.999661
vn -0.999806 -0.000010 -0.019680
vn -0.000002 -1.000000 0.000520
vn 0.000002 1.000000 -0.000520
vn 0.013929 -0.000002 -0.999903
vn 0.013929 -0.000000 -0.999903
vn 0.999959 0.000001 0.009035
vn -0.007578 -0.000875 0.999971
vn -0.999959 -0.000001 -0.009046
vn -0.000009 1.000000 0.000669
vn 0.000008 -1.000000 -0.000669
vn 0.007578 0.000875 -0.999971
vn 0.999981 0.000004 0.006137
vn -0.005550 -0.001169 0.999984
vn -0.999981 -0.000004 -0.006138
vn -0.000011 0.999999 0.001078
vn 0.000010 -0.999999 -0.001078
vn 0.005550 0.001169 -0.999984
vn 0.999988 0.000006 0.004971
vn -0.999988 -0.000006 -0.004971
vn -0.000012 0.999999 0.001256
vn 0.000012 -0.999999 -0.001257
vn 0.999990 0.000006 0.004518
vn -0.999990 -0.000006 -0.004518
vn -0.000012 0.999999 0.001344
vn 0.000012 -0.999999 -0.001344
vn 0.999990 0.000006 0.004394
vn -0.004387 -0.001395 0.999989
vn -0.999990 -0.000006 -0.004394
vn -0.000012 0.999999 0.001378
vn 0.000012 -0.999999 -0.001377
vn 0.004387 0.001395 -0.999989
vn 0.999991 0.000007 0.004333
vn -0.004442 -0.001415 0.999989
vn -0.999991 -0.000006 -0.004333
vn -0.000013 0.999999 0.001415
vn 0.000012 -0.999999 -0.001416
vn 0.004442 0.001415 -0.999989
vn 0.999990 0.000006 0.004479
vn -0.004597 -0.001422 0.999988
vn -0.999990 -0.000006 -0.004479
vn -0.000013 0.999999 0.001424
vn 0.000013 -0.999999 -0.001424
vn 0.004597 0.001422 -0.999988
vn 0.999989 0.000006 0.004598
vn -0.999989 -0.000006 -0.004598
vn -0.000012 0.999999 0.001431
vn 0.000012 -0.999999 -0.001430
vn 0.999987 0.000005 0.005051
vn -0.999987 -0.000005 -0.005051
vn -0.000012 0.999999 0.001419
vn 0.000013 -0.999999 -0.001419
vn 0.999986 0.000005 0.005192
vn -0.999986 -0.000005 -0.005192
vn -0.000012 0.999999 0.001416
vn 0.000013 -0.999999 -0.001415
vn 0.999981 0.000004 0.006124
vn -0.006351 -0.001357 0.999979
vn -0.999981 -0.000004 -0.006124
vn -0.000012 0.999999 0.001372
vn 0.000012 -0.999999 -0.001372
vn 0.006351 0.001357 -0.999979
vn 0.999979 0.000004 0.006456
vn -0.007138 -0.001314 0.999974
vn -0.999979 -0.000003 -0.006456
vn -0.000012 0.999999 0.001354
vn 0.000012 -0.999999 -0.001353
vn 0.007138 0.001314 -0.999974
vn 0.999971 0.000002 0.007668
vn -0.008297 -0.001246 0.999965
vn -0.999971 -0.000002 -0.007668
vn -0.000012 0.999999 0.001285
vn 0.000012 -0.999999 -0.001286
vn 0.008297 0.001246 -0.999965
vn 0.999960 0.000000 0.008920
vn -0.999960 -0.000000 -0.008919
vn -0.000011 0.999999 0.001209
vn 0.000011 -0.999999 -0.001209
vn 0.999948 -0.000001 0.010201
vn -0.012158 -0.001007 0.999926
vn -0.999948 0.000001 -0.010199
vn -0.000011 0.999999 0.001131
vn 0.000010 -0.999999 -0.001131
vn 0.012158 0.001007 -0.999926
vn 0.999904 -0.000005 0.013856
vn -0.016612 -0.000719 0.999862
vn -0.999904 0.000005 -0.013853
vn -0.000008 1.000000 0.000899
vn 0.000008 -1.000000 -0.000899
vn 0.016612 0.000719 -0.999862
vn 0.999806 -0.000010 0.019696
vn -0.026040 -0.000106 0.999661
vn -0.999806 0.000010 -0.019680
vn -0.000002 1.000000 0.000520
vn 0.000002 -1.000000 -0.000520
vn -0.000000 0.000000 1.000000
vn -1.000000 -0.000000 -0.000000
vn -0.000000 -0.000000 1.000000
vn 1.000000 0.000000 0.000000
vn 0.000000 0.000000 -1.000000
vn 0.002081 0.000000 -0.999998
vn 0.998174 0.000009 0.060402
vn -0.998075 -0.000010 -0.062017
vn -0.000011 -1.000000 0.000675
vn 0.000011 1.000000 -0.000676
vn 0.995625 0.000048 0.093440
vn -0.097881 0.001200 0.995197
vn -0.995614 -0.000048 -0.093561
vn -0.000053 -0.999999 0.001099
vn 0.000053 0.999999 -0.001099
vn 0.097881 -0.001200 -0.995197
vn 0.994693 0.000060 0.102891
vn -0.101898 0.001342 0.994794
vn -0.994691 -0.000061 -0.102904
vn -0.000072 -0.999999 0.001291
vn 0.000072 0.999999 -0.001291
vn 0.101898 -0.001342 -0.994794
vn 0.994778 0.000060 0.102067
vn -0.994778 -0.000060 -0.102063
vn -0.000085 -0.999999 0.001411
vn 0.000084 0.999999 -0.001411
vn 0.995153 0.000055 0.098337
vn -0.995154 -0.000054 -0.098328
vn -0.000090 -0.999999 0.001462
vn 0.000090 0.999999 -0.001463
vn 0.995712 0.000046 0.092503
vn -0.995715 -0.000046 -0.092478
vn -0.000095 -0.999999 0.001519
vn 0.000095 0.999999 -0.001519
vn 0.996919 0.000024 0.078432
vn -0.072371 0.001581 0.997377
vn -0.996919 -0.000024 -0.078438
vn -0.000099 -0.999999 0.001569
vn 0.000099 0.999999 -0.001569
vn 0.072371 -0.001581 -0.997377
vn 0.997565 0.000010 0.069743
vn -0.997571 -0.000010 -0.069660
vn -0.000101 -0.999999 0.001592
vn 0.000101 0.999999 -0.001592
vn 0.998910 -0.000027 0.046688
vn -0.998911 0.000027 -0.046651
vn -0.000103 -0.999999 0.001632
vn 0.000104 0.999999 -0.001632
vn 0.999807 -0.000072 0.019656
vn -0.000044 0.001668 0.999999
vn -0.999809 0.000071 -0.019562
vn -0.000104 -0.999999 0.001657
vn 0.000104 0.999999 -0.001657
vn 0.000044 -0.001668 -0.999999
vn 0.999957 -0.000120 -0.009279
vn -0.999951 0.000120 0.009929
vn -0.000104 -0.999999 0.001678
vn 0.000104 0.999999 -0.001678
vn 0.997678 -0.000219 -0.068109
vn -0.997578 0.000221 0.069556
vn -0.000103 -0.999999 0.001708
vn 0.000103 0.999999 -0.001707
vn 0.983105 -0.000414 -0.183044
vn -0.981858 0.000425 0.189618
vn -0.000100 -0.999999 0.001738
vn 0.000099 0.999999 -0.001738
vn 0.882324 -0.000904 -0.470643
vn -0.826712 0.001064 0.562625
vn -0.000087 -0.999998 0.001788
vn 0.000087 0.999998 -0.001787
vn 0.492014 -0.001598 -0.870586
vn 0.999950 -0.000000 0.010015
vn -0.402498 0.001675 0.915419
vn -0.000047 -0.999998 0.001817
vn 0.000047 0.999998 -0.001817
vn -0.002082 -0.000000 -0.999998
vn -0.998174 0.000009 0.060402
vn 0.998075 -0.000010 -0.062017
vn 0.000011 -1.000000 0.000675
vn -0.000011 1.000000 -0.000676
vn -0.995625 0.000048 0.093440
vn 0.097881 0.001200 0.995197
vn 0.995614 -0.000048 -0.093561
vn 0.000053 -0.999999 0.001099
vn -0.000053 0.999999 -0.001099
vn -0.097881 -0.001200 -0.995197
vn -0.994693 0.000061 0.102891
vn 0.101898 0.001342 0.994794
vn 0.994691 -0.000061 -0.102903
vn 0.000072 -0.999999 0.001291
vn -0.000072 0.999999 -0.001291
vn -0.101898 -0.001342 -0.994794
vn -0.994778 0.000059 0.102066
vn 0.994778 -0.000060 -0.102063
vn 0.000085 -0.999999 0.001411
vn -0.000085 0.999999 -0.001411
vn -0.995153 0.000054 0.098337
vn 0.995154 -0.000054 -0.098328
vn 0.000090 -0.999999 0.001463
vn -0.000090 0.999999 -0.001463
vn -0.995712 0.000046 0.092502
vn 0.995715 -0.000046 -0.092478
vn 0.000096 -0.999999 0.001519
vn -0.000095 0.999999 -0.001519
vn -0.996919 0.000024 0.078432
vn 0.072370 0.001581 0.997377
vn 0.996919 -0.000024 -0.078438
vn 0.000099 -0.999999 0.001569
vn -0.000099 0.999999 -0.001569
vn -0.072370 -0.001581 -0.997377
vn -0.997565 0.000010 0.069743
vn -0.056571 -0.001616 -0.998397
vn 0.997571 -0.000010 -0.069660
vn 0.000101 -0.999999 0.001592
vn -0.000101 0.999999 -0.001592
vn 0.056571 0.001616 0.998397
vn -0.998910 -0.000027 0.046688
vn -0.033556 -0.001644 -0.999435
vn 0.998911 0.000027 -0.046651
vn 0.000104 -0.999999 0.001632
vn -0.000104 0.999999 -0.001632
vn 0.033556 0.001644 0.999435
vn -0.999807 -0.000072 0.019656
vn 0.000044 0.001668 0.999999
vn 0.999809 0.000071 -0.019561
vn 0.000104 -0.999999 0.001657
vn -0.000104 0.999999 -0.001657
vn -0.000044 -0.001668 -0.999999
vn -0.999957 -0.000119 -0.009279
vn 0.999951 0.000121 0.009929
vn 0.000104 -0.999999 0.001678
vn -0.000104 0.999999 -0.001678
vn -0.997678 -0.000219 -0.068109
vn -0.126715 0.001695 0.991938
vn 0.997578 0.000221 0.069556
vn 0.000103 -0.999999 0.001708
vn -0.000103 0.999999 -0.001707
vn 0.126715 -0.001695 -0.991938
vn -0.983105 -0.000414 -0.183044
vn 0.981858 0.000425 0.189618
vn 0.000100 -0.999999 0.001738
vn -0.000099 0.999999 -0.001738
vn -0.882323 -0.000904 -0.470643
vn 0.826712 0.001064 0.562625
vn 0.000087 -0.999998 0.001788
vn -0.000087 0.999998 -0.001787
vn -0.492015 -0.001599 -0.870586
vn -0.999950 -0.000000 0.010014
vn 0.402498 0.001675 0.915419
vn 0.000047 -0.999998 0.001817
vn -0.000047 0.999998 -0.001817
vn 0.002082 0.000000 -0.999998
vn 0.998174 -0.000009 0.060402
vn -0.998075 0.000010 -0.062017
vn -0.000011 1.000000 0.000675
vn 0.000011 -1.000000 -0.000676
vn 0.995625 -0.000048 0.093440
vn -0.097881 -0.001200 0.995197
vn -0.995614 0.000048 -0.093561
vn -0.000053 0.999999 0.001099
vn 0.000053 -0.999999 -0.001099
vn 0.097881 0.001200 -0.995197
vn 0.994693 -0.000060 0.102891
vn -0.101898 -0.001342 0.994794
vn -0.994691 0.000061 -0.102903
vn -0.000072 0.999999 0.001291
vn 0.000072 -0.999999 -0.001292
vn 0.101898 0.001342 -0.994794
vn 0.994778 -0.000060 0.102067
vn -0.994778 0.000060 -0.102063
vn -0.000085 0.999999 0.001411
vn 0.000085 -0.999999 -0.001411
vn 0.995153 -0.000055 0.098337
vn -0.995154 0.000054 -0.098329
vn -0.000090 0.999999 0.001463
vn 0.000090 -0.999999 -0.001463
vn 0.995712 -0.000046 0.092503
vn -0.995715 0.000046 -0.092478
vn -0.000095 0.999999 0.001519
vn 0.000095 -0.999999 -0.001519
vn 0.996919 -0.000024 0.078432
vn -0.072370 -0.001582 0.997377
vn -0.996919 0.000024 -0.078438
vn -0.000099 0.999999 0.001569
vn 0.000100 -0.999999 -0.001569
vn 0.072370 0.001582 -0.997377
vn 0.997565 -0.000010 0.069743
vn -0.997571 0.000010 -0.069660
vn -0.000101 0.999999 0.001592
vn 0.000101 -0.999999 -0.001592
vn 0.998910 0.000027 0.046688
vn -0.998911 -0.000027 -0.046651
vn -0.000104 0.999999 0.001632
vn 0.000104 -0.999999 -0.001632
vn 0.999807 0.000072 0.019656
vn -0.000045 -0.001668 0.999999
vn -0.999809 -0.000072 -0.019562
vn -0.000104 0.999999 0.001657
vn 0.000104 -0.999999 -0.001657
vn 0.000045 0.001668 -0.999999
vn 0.999957 0.000120 -0.009279
vn -0.999951 -0.000121 0.009929
vn -0.000104 0.999999 0.001678
vn 0.000104 -0.999999 -0.001679
vn 0.997678 0.000219 -0.068109
vn 0.126715 -0.001695 0.991938
vn -0.997578 -0.000221 0.069556
vn -0.000103 0.999999 0.001708
vn 0.000103 -0.999999 -0.001707
vn -0.126715 0.001695 -0.991938
vn 0.983105 0.000414 -0.183044
vn -0.981858 -0.000425 0.189618
vn -0.000100 0.999999 0.001738
vn 0.000099 -0.999999 -0.001738
vn 0.882323 0.000904 -0.470643
vn -0.826712 -0.001064 0.562625
vn -0.000087 0.999998 0.001788
vn 0.000087 -0.999998 -0.001787
vn 0.492015 0.001598 -0.870585
vn 0.999950 -0.000000 0.010015
vn -0.402497 -0.001675 0.915420
vn -0.000047 0.999998 0.001817
vn 0.000046 -0.999998 -0.001817
vn -0.002082 -0.000000 -0.999998
vn -0.998174 -0.000009 0.060402
vn 0.998075 0.000010 -0.062017
vn 0.000011 1.000000 0.000675
vn -0.000011 -1.000000 -0.000676
vn -0.995625 -0.000048 0.093440
vn 0.097881 -0.001200 0.995197
vn 0.995614 0.000048 -0.093561
vn 0.000053 0.999999 0.001099
vn -0.000053 -0.999999 -0.001099
vn -0.097881 0.001200 -0.995197
vn -0.994693 -0.000061 0.102891
vn 0.101897 -0.001342 0.994794
vn 0.994691 0.000061 -0.102903
vn 0.000072 0.999999 0.001291
vn -0.000072 -0.999999 -0.001291
vn -0.101897 0.001342 -0.994794
vn -0.994778 -0.000060 0.102066
vn 0.994778 0.000060 -0.102063
vn 0.000085 0.999999 0.001411
vn -0.000085 -0.999999 -0.001411
vn -0.995153 -0.000055 0.098337
vn 0.093953 -0.001494 0.995575
vn 0.995154 0.000055 -0.098328
vn 0.000090 0.999999 0.001463
vn -0.000090 -0.999999 -0.001463
vn -0.093953 0.001494 -0.995575
vn -0.995712 -0.000046 0.092502
vn 0.995715 0.000046 -0.092478
vn 0.000095 0.999999 0.001519
vn -0.000095 -0.999999 -0.001519
vn -0.996919 -0.000025 0.078432
vn 0.072370 -0.001581 0.997377
vn 0.996919 0.000024 -0.078439
vn 0.000099 0.999999 0.001569
vn -0.000099 -0.999999 -0.001569
vn -0.072370 0.001581 -0.997377
vn -0.997565 -0.000010 0.069743
vn 0.997571 0.000010 -0.069660
vn 0.000101 0.999999 0.001592
vn -0.000101 -0.999999 -0.001592
vn -0.998910 0.000027 0.046688
vn 0.033557 -0.001644 0.999435
vn 0.998911 -0.000027 -0.046651
vn 0.000103 0.999999 0.001632
vn -0.000103 -0.999999 -0.001632
vn -0.033557 0.001644 -0.999435
vn -0.999807 0.000071 0.019656
vn 0.000044 -0.001668 0.999999
vn 0.999809 -0.000071 -0.019562
vn 0.000104 0.999999 0.001657
vn -0.000104 -0.999999 -0.001657
vn -0.000044 0.001668 -0.999999
vn -0.999957 0.000119 -0.009279
vn 0.999951 -0.000120 0.009929
vn 0.000104 0.999999 0.001678
vn -0.000104 -0.999999 -0.001678
vn -0.997678 0.000218 -0.068109
vn 0.997578 -0.000221 0.069556
vn 0.000103 0.999999 0.001708
vn -0.000103 -0.999999 -0.001707
vn -0.983105 0.000414 -0.183044
vn -0.312645 -0.001639 0.949869
vn 0.981858 -0.000425 0.189618
vn 0.000100 0.999999 0.001738
vn -0.000099 -0.999999 -0.001738
vn 0.312645 0.001639 -0.949869
vn -0.882323 0.000905 -0.470643
vn 0.826712 -0.001064 0.562624
vn 0.000087 0.999998 0.001788
vn -0.000087 -0.999998 -0.001787
vn -0.492015 0.001599 -0.870585
vn -0.999950 -0.000000 0.010014
vn 0.402498 -0.001675 0.915419
vn 0.000047 0.999998 0.001817
vn -0.000047 -0.999998 -0.001817
vn -0.000000 0.000000 1.000000

# Mesh
g Cube
usemtl Material.002
f 4/4/1 1/1/1 2/2/1
f 2/2/1 3/3/1 4/4/1
f 6/8/2 4/5/2 3/6/2
f 3/6/2 5/7/2 6/8/2
f 8/12/3 6/9/3 5/10/3
f 5/10/3 7/11/3 8/12/3
f 1/16/4 8/13/4 7/14/4
f 7/14/4 2/15/4 1/16/4
f 1/20/5 4/17/5 6/18/5
f 6/18/5 8/19/5 1/20/5
f 7/24/6 5/21/6 3/22/6
f 3/22/6 2/23/6 7/24/6

# Mesh
g Cube.001
usemtl Material.003
f 12/28/1 9/25/1 10/26/1
f 10/26/1 11/27/1 12/28/1
f 14/31/7 12/28/7 11/29/7
f 11/29/7 13/30/7 14/31/7
f 16/34/3 14/31/3 13/32/3
f 13/32/3 15/33/3 16/34/3
f 9/25/8 16/34/8 15/33/8
f 15/33/8 10/35/8 9/25/8
f 22/41/11 17/36/9 9/25/10
f 22/41/11 9/25/10 12/28/11
f 22/41/11 12/28/11 14/31/11
f 14/31/11 16/34/10 18/37/9
f 14/31/11 18/37/9 19/38/11
f 14/31/11 19/38/11 20/39/12
f 14/31/11 20/39/12 21/40/12
f 14/31/11 21/40/12 22/41/11
f 18/37/9 16/34/10 9/25/10
f 9/25/10 17/36/9 23/42/5
f 23/42/5 21/40/12 20/39/12
f 23/42/5 20/39/12 24/43/5
f 23/42/5 24/43/5 18/37/9
f 9/25/10 23/42/5 18/37/9
f 25/44/6 26/45/6 26/45/6
f 25/44/6 26/45/6 27/46/6
f 25/44/6 27/46/6 28/47/6
f 28/47/6 29/48/6 29/48/6
f 28/47/6 29/48/6 30/48/6
f 30/48/6 31/49/6 15/50/6
f 30/48/6 15/50/6 13/51/6
f 30/48/6 13/51/6 11/52/6
f 11/52/6 10/53/6 32/54/6
f 11/52/6 32/54/6 25/44/6
f 28/47/6 30/48/6 11/52/6
f 25/44/6 28/47/6 11/52/6
f 33/55/6 28/56/6 27/57/6
f 33/55/6 27/57/6 34/58/6
f 33/55/6 34/58/6 34/58/6
f 33/55/6 34/58/6 34/58/6
f 33/55/6 34/58/6 32/54/6
f 33/55/6 32/54/6 10/53/6
f 33/55/6 10/53/6 15/59/6
f 15/59/6 31/60/6 35/61/6
f 15/59/6 35/61/6 35/61/6
f 33/55/6 15/59/6 35/61/6
f 36/62/3 36/62/3 26/62/3
f 26/62/3 26/62/3 36/62/3
f 36/64/8 37/63/8 27/46/8
f 27/46/8 26/45/8 36/64/8
f 34/58/1 27/57/1 37/65/1
f 34/58/1 37/65/1 37/65/1
f 37/65/1 38/66/1 34/58/1
f 34/62/7 34/62/7 38/62/7
f 38/62/7 38/62/7 34/62/7
f 29/62/1 29/62/1 39/62/1
f 39/62/1 39/62/1 29/62/1
f 40/68/8 39/67/8 29/48/8
f 29/48/8 28/47/8 40/68/8
f 41/70/3 40/69/3 40/69/3
f 41/70/3 40/69/3 28/56/3
f 28/56/3 33/55/3 41/70/3
f 35/62/7 42/62/7 41/62/7
f 41/62/7 33/62/7 35/62/7
f 25/44/3 32/54/3 43/71/3
f 43/71/3 44/64/3 25/44/3
f 36/64/8 26/45/8 25/44/8
f 25/44/8 44/64/8 36/64/8
f 34/62/1 38/62/1 38/62/1
f 38/62/1 34/62/1 34/62/1
f 34/58/7 38/66/7 43/71/7
f 43/71/7 32/54/7 34/58/7
f 36/72/5 44/72/13 45/73/14
f 36/72/5 45/73/14 46/74/15
f 36/72/5 46/74/15 37/65/16
f 36/72/5 37/65/16 37/65/5
f 37/65/5 36/72/5 36/72/5
f 45/78/3 47/75/3 48/76/3
f 48/76/3 49/77/3 45/78/3
f 44/64/13 43/71/17 47/75/18
f 47/75/18 45/78/14 44/64/13
f 37/65/16 46/74/15 50/79/19
f 37/65/16 50/79/19 38/66/20
f 37/65/16 38/66/20 38/66/21
f 38/66/21 38/66/21 37/65/16
f 47/75/18 43/71/17 38/66/20
f 38/66/20 50/79/19 47/75/18
f 52/82/6 49/80/6 48/76/6
f 48/76/6 51/81/6 52/82/6
f 47/75/7 50/79/7 51/81/7
f 51/81/7 48/76/7 47/75/7
f 46/74/8 45/73/8 49/80/8
f 49/80/8 52/82/8 46/74/8
f 50/79/1 46/74/1 52/82/1
f 52/82/1 51/81/1 50/79/1
f 30/48/1 53/83/1 54/84/1
f 54/84/1 31/49/1 30/48/1
f 29/48/8 39/67/8 53/83/8
f 53/83/8 30/48/8 29/48/8
f 42/62/3 35/62/3 35/62/3
f 35/62/3 42/62/3 42/62/3
f 31/60/7 54/85/7 42/86/7
f 42/86/7 35/61/7 31/60/7
f 39/67/5 39/67/5 40/68/5
f 39/67/5 40/68/5 40/68/16
f 39/67/5 40/68/16 55/87/14
f 39/67/5 55/87/14 56/88/22
f 56/88/22 53/83/23 39/67/5
f 59/91/1 57/89/1 56/88/1
f 56/88/1 58/90/1 59/91/1
f 56/88/22 57/89/24 54/84/25
f 54/84/25 53/83/23 56/88/22
f 60/95/26 55/92/14 40/93/16
f 60/95/26 40/93/16 41/94/21
f 60/95/26 41/94/21 42/94/21
f 42/94/21 42/94/17 60/95/26
f 60/95/26 42/94/17 54/84/25
f 54/84/25 57/89/24 60/95/26
f 59/91/6 58/90/6 61/96/6
f 61/96/6 62/97/6 59/91/6
f 62/97/7 60/95/7 57/89/7
f 57/89/7 59/91/7 62/97/7
f 58/90/8 56/88/8 55/87/8
f 55/87/8 61/96/8 58/90/8
f 61/96/3 55/92/3 60/95/3
f 60/95/3 62/97/3 61/96/3
f 66/101/27 63/98/27 64/99/27
f 64/99/27 65/100/27 66/101/27
f 67/102/28 64/99/28 63/98/28
f 63/98/29 68/103/29 69/104/29
f 69/104/29 67/102/29 63/98/29
f 66/101/30 68/103/30 63/98/30
f 65/100/6 64/99/6 67/102/6
f 65/100/6 67/102/6 69/105/6
f 65/100/6 69/105/6 68/106/6
f 68/106/6 66/101/6 65/100/6
f 17/36/3 22/41/3 70/107/3
f 70/107/3 71/108/3 17/36/3
f 22/41/8 21/40/8 72/109/8
f 72/109/8 70/107/8 22/41/8
f 21/40/1 23/42/1 73/110/1
f 73/110/1 72/109/1 21/40/1
f 23/42/7 17/36/7 71/108/7
f 71/108/7 73/110/7 23/42/7
f 70/107/5 72/109/5 73/110/5
f 73/110/5 71/108/5 70/107/5
f 18/37/1 74/111/1 75/112/1
f 75/112/1 19/38/1 18/37/1
f 20/39/8 19/38/8 75/112/8
f 75/112/8 76/113/8 20/39/8
f 24/43/3 20/39/3 76/113/3
f 76/113/3 77/114/3 24/43/3
f 18/37/7 24/43/7 77/114/7
f 77/114/7 74/111/7 18/37/7
f 77/114/5 76/113/5 75/112/5
f 75/112/5 74/111/5 77/114/5

# Mesh
g Cube.006
usemtl Material.001
f 89/126/31 78/115/31 79/116/31
f 80/117/31 81/118/31 82/119/31
f 80/117/31 82/119/31 83/120/31
f 80/117/31 83/120/31 84/121/31
f 84/121/31 85/122/31 86/123/31
f 84/121/31 86/123/31 87/124/31
f 88/125/31 89/126/31 79/116/31
f 88/125/31 79/116/31 80/117/31
f 80/117/31 84/121/31 87/124/31
f 80/117/31 87/124/31 88/125/31
f 82/136/32 81/127/32 90/128/32
f 91/129/32 78/130/32 89/131/32
f 91/129/32 89/131/32 92/132/32
f 91/129/32 92/132/32 93/133/32
f 93/133/32 86/123/32 85/122/32
f 93/133/32 85/122/32 94/134/32
f 95/135/32 82/136/32 90/128/32
f 95/135/32 90/128/32 91/129/32
f 91/129/32 93/133/32 94/134/32
f 91/129/32 94/134/32 95/135/32
f 97/140/33 91/137/33 90/138/33
f 90/138/33 96/139/33 97/140/33
f 79/144/34 97/141/34 96/142/34
f 96/142/34 80/143/34 79/144/34
f 79/148/35 78/145/35 91/146/35
f 91/146/35 97/147/35 79/148/35
f 96/142/36 90/149/36 81/150/36
f 81/150/36 80/143/36 96/142/36
f 83/154/37 98/151/37 99/152/37
f 99/152/37 84/153/37 83/154/37
f 94/134/38 100/155/38 101/156/38
f 101/156/38 95/135/38 94/134/38
f 103/158/39 99/152/39 98/151/39
f 98/151/39 102/157/39 103/158/39
f 105/162/40 103/159/40 102/160/40
f 102/160/40 104/161/40 105/162/40
f 100/166/41 105/163/41 104/164/41
f 104/164/41 101/165/41 100/166/41
f 105/167/42 100/168/42 94/169/42
f 105/167/42 94/169/42 85/170/42
f 105/167/42 85/170/42 84/171/42
f 105/167/42 84/171/42 99/152/42
f 105/167/42 99/152/42 103/158/42
f 82/174/43 95/172/43 101/165/43
f 82/174/43 101/165/43 104/164/43
f 82/174/43 104/164/43 102/157/43
f 82/174/43 102/157/43 98/151/43
f 98/151/43 83/173/43 82/174/43
f 103/178/44 105/175/44 104/176/44
f 104/176/44 102/177/44 103/178/44
f 107/182/45 103/179/45 102/180/45
f 102/180/45 106/181/45 107/182/45
f 109/186/46 107/183/46 106/184/46
f 106/184/46 108/185/46 109/186/46
f 105/190/47 109/187/47 108/188/47
f 108/188/47 104/189/47 105/190/47
f 105/194/48 103/191/48 107/192/48
f 107/192/48 109/193/48 105/194/48
f 108/198/49 106/195/49 102/196/49
f 102/196/49 104/197/49 108/198/49
f 107/202/50 109/199/50 108/200/50
f 108/200/50 106/201/50 107/202/50
f 111/206/51 107/203/51 106/204/51
f 106/204/51 110/205/51 111/206/51
f 109/210/52 112/207/52 113/208/52
f 113/208/52 108/209/52 109/210/52
f 109/210/53 107/211/53 111/212/53
f 111/212/53 112/207/53 109/210/53
f 113/208/54 110/205/54 106/204/54
f 106/204/54 108/213/54 113/208/54
f 115/215/55 111/206/55 110/205/55
f 110/205/55 114/214/55 115/215/55
f 112/207/56 116/216/56 117/217/56
f 117/217/56 113/208/56 112/207/56
f 112/207/57 111/212/57 115/218/57
f 115/218/57 116/219/57 112/207/57
f 117/217/58 114/214/58 110/205/58
f 110/205/58 113/208/58 117/217/58
f 119/221/59 115/215/59 114/214/59
f 114/214/59 118/220/59 119/221/59
f 121/225/60 119/222/60 118/223/60
f 118/223/60 120/224/60 121/225/60
f 116/216/61 121/226/61 120/227/61
f 120/227/61 117/217/61 116/216/61
f 116/219/62 115/218/62 119/228/62
f 119/228/62 121/229/62 116/219/62
f 120/227/63 118/220/63 114/214/63
f 114/214/63 117/217/63 120/227/63
f 119/233/64 121/230/64 120/231/64
f 120/231/64 118/232/64 119/233/64
f 123/237/65 119/234/65 118/235/65
f 118/235/65 122/236/65 123/237/65
f 125/241/66 123/238/66 122/239/66
f 122/239/66 124/240/66 125/241/66
f 121/245/67 125/242/67 124/243/67
f 124/243/67 120/244/67 121/245/67
f 121/249/68 119/246/68 123/247/68
f 123/247/68 125/248/68 121/249/68
f 124/253/69 122/250/69 118/251/69
f 118/251/69 120/252/69 124/253/69
f 123/257/70 125/254/70 124/255/70
f 124/255/70 122/256/70 123/257/70
f 127/261/71 123/258/71 122/259/71
f 122/259/71 126/260/71 127/261/71
f 129/265/72 127/262/72 126/263/72
f 126/263/72 128/264/72 129/265/72
f 125/269/73 129/266/73 128/267/73
f 128/267/73 124/268/73 125/269/73
f 125/273/74 123/270/74 127/271/74
f 127/271/74 129/272/74 125/273/74
f 128/277/75 126/274/75 122/275/75
f 122/275/75 124/276/75 128/277/75
f 127/281/76 129/278/76 128/279/76
f 128/279/76 126/280/76 127/281/76
f 131/285/77 127/282/77 126/283/77
f 126/283/77 130/284/77 131/285/77
f 129/289/78 132/286/78 133/287/78
f 133/287/78 128/288/78 129/289/78
f 129/289/79 127/290/79 131/291/79
f 131/291/79 132/286/79 129/289/79
f 133/287/80 130/284/80 126/292/80
f 126/292/80 128/288/80 133/287/80
f 135/294/81 131/285/81 130/284/81
f 130/284/81 134/293/81 135/294/81
f 132/286/82 136/295/82 137/296/82
f 137/296/82 133/287/82 132/286/82
f 132/286/83 131/291/83 135/297/83
f 135/297/83 136/295/83 132/286/83
f 137/296/84 134/293/84 130/284/84
f 130/284/84 133/287/84 137/296/84
f 139/299/85 135/294/85 134/293/85
f 134/293/85 138/298/85 139/299/85
f 136/295/86 140/300/86 141/301/86
f 141/301/86 137/296/86 136/295/86
f 136/295/87 135/297/87 139/302/87
f 139/302/87 140/300/87 136/295/87
f 141/301/88 138/298/88 134/293/88
f 134/293/88 137/296/88 141/301/88
f 143/304/89 139/299/89 138/298/89
f 138/298/89 142/303/89 143/304/89
f 140/300/90 144/305/90 145/306/90
f 145/306/90 141/301/90 140/300/90
f 140/300/91 139/302/91 143/307/91
f 143/307/91 144/305/91 140/300/91
f 145/306/92 142/308/92 138/298/92
f 138/298/92 141/301/92 145/306/92
f 147/310/93 143/304/93 142/303/93
f 142/303/93 146/309/93 147/310/93
f 149/314/94 147/311/94 146/312/94
f 146/312/94 148/313/94 149/314/94
f 144/305/95 149/315/95 148/316/95
f 148/316/95 145/306/95 144/305/95
f 144/305/96 143/307/96 147/317/96
f 147/317/96 149/315/96 144/305/96
f 148/316/97 146/318/97 142/308/97
f 142/308/97 145/306/97 148/316/97
f 147/322/98 149/319/98 148/320/98
f 148/320/98 146/321/98 147/322/98
f 151/326/99 147/323/99 146/324/99
f 146/324/99 150/325/99 151/326/99
f 153/330/100 151/327/100 150/328/100
f 150/328/100 152/329/100 153/330/100
f 149/334/101 153/331/101 152/332/101
f 152/332/101 148/333/101 149/334/101
f 149/338/102 147/335/102 151/336/102
f 151/336/102 153/337/102 149/338/102
f 152/342/103 150/339/103 146/340/103
f 146/340/103 148/341/103 152/342/103
f 151/346/104 153/343/104 152/344/104
f 152/344/104 150/345/104 151/346/104
f 155/350/105 151/347/105 150/348/105
f 150/348/105 154/349/105 155/350/105
f 153/354/106 156/351/106 157/352/106
f 157/352/106 152/353/106 153/354/106
f 153/358/107 151/355/107 155/356/107
f 155/356/107 156/357/107 153/358/107
f 157/362/108 154/359/108 150/360/108
f 150/360/108 152/361/108 157/362/108
f 159/366/109 155/363/109 154/364/109
f 154/364/109 158/365/109 159/366/109
f 161/370/110 159/367/110 158/368/110
f 158/368/110 160/369/110 161/370/110
f 156/374/111 161/371/111 160/372/111
f 160/372/111 157/373/111 156/374/111
f 156/357/112 155/356/112 159/375/112
f 159/375/112 161/376/112 156/357/112
f 160/378/113 158/377/113 154/359/113
f 154/359/113 157/362/113 160/378/113
f 159/382/114 161/379/114 160/380/114
f 160/380/114 158/381/114 159/382/114
f 163/386/115 159/383/115 158/384/115
f 158/384/115 162/385/115 163/386/115
f 165/390/116 163/387/116 162/388/116
f 162/388/116 164/389/116 165/390/116
f 161/394/117 165/391/117 164/392/117
f 164/392/117 160/393/117 161/394/117
f 161/398/118 159/395/118 163/396/118
f 163/396/118 165/397/118 161/398/118
f 164/402/119 162/399/119 158/400/119
f 158/400/119 160/401/119 164/402/119
f 163/406/120 165/403/120 164/404/120
f 164/404/120 162/405/120 163/406/120
f 167/410/121 163/407/121 162/408/121
f 162/408/121 166/409/121 167/410/121
f 169/414/122 167/411/122 166/412/122
f 166/412/122 168/413/122 169/414/122
f 165/418/123 169/415/123 168/416/123
f 168/416/123 164/417/123 165/418/123
f 165/422/124 163/419/124 167/420/124
f 167/420/124 169/421/124 165/422/124
f 168/426/125 166/423/125 162/424/125
f 162/424/125 164/425/125 168/426/125
f 88/430/126 87/427/126 170/428/126
f 170/428/126 171/429/126 88/430/126
f 92/132/127 172/431/127 173/432/127
f 173/432/127 93/133/127 92/132/127
f 171/429/128 170/428/128 174/433/128
f 174/433/128 175/434/128 171/429/128
f 175/438/129 174/435/129 176/436/129
f 176/436/129 177/437/129 175/438/129
f 177/442/130 176/439/130 173/440/130
f 173/440/130 172/441/130 177/442/130
f 86/447/131 93/443/131 173/444/131
f 86/447/131 173/444/131 176/445/131
f 86/447/131 176/445/131 174/433/131
f 86/447/131 174/433/131 170/428/131
f 170/428/131 87/446/131 86/447/131
f 171/429/132 175/434/132 177/442/132
f 177/442/132 172/441/132 92/448/132
f 177/442/132 92/448/132 89/449/132
f 177/442/132 89/449/132 88/450/132
f 177/442/132 88/450/132 171/429/132
f 177/454/133 176/451/133 174/452/133
f 174/452/133 175/453/133 177/454/133
f 175/458/134 174/455/134 178/456/134
f 178/456/134 179/457/134 175/458/134
f 179/462/135 178/459/135 180/460/135
f 180/460/135 181/461/135 179/462/135
f 181/466/136 180/463/136 176/464/136
f 176/464/136 177/465/136 181/466/136
f 178/470/137 174/467/137 176/468/137
f 176/468/137 180/469/137 178/470/137
f 175/474/138 179/471/138 181/472/138
f 181/472/138 177/473/138 175/474/138
f 181/478/139 180/475/139 178/476/139
f 178/476/139 179/477/139 181/478/139
f 179/482/140 178/479/140 182/480/140
f 182/480/140 183/481/140 179/482/140
f 185/486/141 184/483/141 180/484/141
f 180/484/141 181/485/141 185/486/141
f 182/488/142 178/487/142 180/484/142
f 180/484/142 184/483/142 182/488/142
f 179/482/143 183/481/143 185/486/143
f 185/486/143 181/489/143 179/482/143
f 183/481/144 182/480/144 186/490/144
f 186/490/144 187/491/144 183/481/144
f 189/493/145 188/492/145 184/483/145
f 184/483/145 185/486/145 189/493/145
f 186/495/146 182/488/146 184/483/146
f 184/483/146 188/494/146 186/495/146
f 183/481/147 187/491/147 189/493/147
f 189/493/147 185/486/147 183/481/147
f 187/491/148 186/490/148 190/496/148
f 190/496/148 191/497/148 187/491/148
f 191/501/149 190/498/149 192/499/149
f 192/499/149 193/500/149 191/501/149
f 193/503/150 192/502/150 188/492/150
f 188/492/150 189/493/150 193/503/150
f 190/505/151 186/495/151 188/494/151
f 188/494/151 192/504/151 190/505/151
f 187/491/152 191/497/152 193/503/152
f 193/503/152 189/493/152 187/491/152
f 193/509/153 192/506/153 190/507/153
f 190/507/153 191/508/153 193/509/153
f 191/513/154 190/510/154 194/511/154
f 194/511/154 195/512/154 191/513/154
f 195/517/155 194/514/155 196/515/155
f 196/515/155 197/516/155 195/517/155
f 197/521/156 196/518/156 192/519/156
f 192/519/156 193/520/156 197/521/156
f 194/525/157 190/522/157 192/523/157
f 192/523/157 196/524/157 194/525/157
f 191/529/158 195/526/158 197/527/158
f 197/527/158 193/528/158 191/529/158
f 197/533/159 196/530/159 194/531/159
f 194/531/159 195/532/159 197/533/159
f 195/537/160 194/534/160 198/535/160
f 198/535/160 199/536/160 195/537/160
f 199/541/161 198/538/161 200/539/161
f 200/539/161 201/540/161 199/541/161
f 201/545/162 200/542/162 196/543/162
f 196/543/162 197/544/162 201/545/162
f 198/549/163 194/546/163 196/547/163
f 196/547/163 200/548/163 198/549/163
f 195/553/164 199/550/164 201/551/164
f 201/551/164 197/552/164 195/553/164
f 201/557/165 200/554/165 198/555/165
f 198/555/165 199/556/165 201/557/165
f 199/561/166 198/558/166 202/559/166
f 202/559/166 203/560/166 199/561/166
f 205/565/167 204/562/167 200/563/167
f 200/563/167 201/564/167 205/565/167
f 202/567/168 198/566/168 200/563/168
f 200/563/168 204/562/168 202/567/168
f 199/569/169 203/568/169 205/565/169
f 205/565/169 201/564/169 199/569/169
f 203/560/170 202/559/170 206/570/170
f 206/570/170 207/571/170 203/560/170
f 209/573/171 208/572/171 204/562/171
f 204/562/171 205/565/171 209/573/171
f 206/574/172 202/567/172 204/562/172
f 204/562/172 208/572/172 206/574/172
f 203/568/173 207/575/173 209/573/173
f 209/573/173 205/565/173 203/568/173
f 207/571/174 206/570/174 210/576/174
f 210/576/174 211/577/174 207/571/174
f 213/579/175 212/578/175 208/572/175
f 208/572/175 209/573/175 213/579/175
f 210/580/176 206/574/176 208/572/176
f 208/572/176 212/578/176 210/580/176
f 207/575/177 211/577/177 213/579/177
f 213/579/177 209/573/177 207/575/177
f 211/577/178 210/576/178 214/581/178
f 214/581/178 215/582/178 211/577/178
f 215/586/179 214/583/179 216/584/179
f 216/584/179 217/585/179 215/586/179
f 217/588/180 216/587/180 212/578/180
f 212/578/180 213/579/180 217/588/180
f 214/589/181 210/580/181 212/578/181
f 212/578/181 216/587/181 214/589/181
f 211/577/182 215/582/182 217/588/182
f 217/588/182 213/579/182 211/577/182
f 217/593/183 216/590/183 214/591/183
f 214/591/183 215/592/183 217/593/183
f 215/597/184 214/594/184 218/595/184
f 218/595/184 219/596/184 215/597/184
f 219/601/185 218/598/185 220/599/185
f 220/599/185 221/600/185 219/601/185
f 221/605/186 220/602/186 216/603/186
f 216/603/186 217/604/186 221/605/186
f 218/609/187 214/606/187 216/607/187
f 216/607/187 220/608/187 218/609/187
f 215/613/188 219/610/188 221/611/188
f 221/611/188 217/612/188 215/613/188
f 221/617/189 220/614/189 218/615/189
f 218/615/189 219/616/189 221/617/189
f 219/621/190 218/618/190 222/619/190
f 222/619/190 223/620/190 219/621/190
f 223/625/191 222/622/191 224/623/191
f 224/623/191 225/624/191 223/625/191
f 225/629/192 224/626/192 220/627/192
f 220/627/192 221/628/192 225/629/192
f 222/633/193 218/630/193 220/631/193
f 220/631/193 224/632/193 222/633/193
f 219/637/194 223/634/194 225/635/194
f 225/635/194 221/636/194 219/637/194
f 225/641/195 224/638/195 222/639/195
f 222/639/195 223/640/195 225/641/195
f 223/645/196 222/642/196 226/643/196
f 226/643/196 227/644/196 223/645/196
f 229/649/197 228/646/197 224/647/197
f 224/647/197 225/648/197 229/649/197
f 226/653/198 222/650/198 224/651/198
f 224/651/198 228/652/198 226/653/198
f 223/657/199 227/654/199 229/655/199
f 229/655/199 225/656/199 223/657/199
f 227/661/200 226/658/200 230/659/200
f 230/659/200 231/660/200 227/661/200
f 231/665/201 230/662/201 232/663/201
f 232/663/201 233/664/201 231/665/201
f 233/669/202 232/666/202 228/667/202
f 228/667/202 229/668/202 233/669/202
f 230/671/203 226/653/203 228/652/203
f 228/652/203 232/670/203 230/671/203
f 227/654/204 231/672/204 233/673/204
f 233/673/204 229/655/204 227/654/204
f 233/677/205 232/674/205 230/675/205
f 230/675/205 231/676/205 233/677/205
f 231/681/206 230/678/206 234/679/206
f 234/679/206 235/680/206 231/681/206
f 235/685/207 234/682/207 236/683/207
f 236/683/207 237/684/207 235/685/207
f 237/689/208 236/686/208 232/687/208
f 232/687/208 233/688/208 237/689/208
f 234/693/209 230/690/209 232/691/209
f 232/691/209 236/692/209 234/693/209
f 231/697/210 235/694/210 237/695/210
f 237/695/210 233/696/210 231/697/210
f 237/701/211 236/698/211 234/699/211
f 234/699/211 235/700/211 237/701/211
f 235/705/212 234/702/212 238/703/212
f 238/703/212 239/704/212 235/705/212
f 239/709/213 238/706/213 240/707/213
f 240/707/213 241/708/213 239/709/213
f 241/713/214 240/710/214 236/711/214
f 236/711/214 237/712/214 241/713/214
f 238/717/215 234/714/215 236/715/215
f 236/715/215 240/716/215 238/717/215
f 235/721/216 239/718/216 241/719/216
f 241/719/216 237/720/216 235/721/216
f 253/733/217 242/722/217 243/723/217
f 244/724/217 245/725/217 246/726/217
f 244/724/217 246/726/217 247/727/217
f 244/724/217 247/727/217 248/728/217
f 248/728/217 249/729/217 250/730/217
f 248/728/217 250/730/217 251/731/217
f 252/732/217 253/733/217 243/723/217
f 252/732/217 243/723/217 244/724/217
f 252/732/217 244/724/217 248/728/217
f 248/728/217 251/731/217 252/732/217
f 246/726/218 245/725/218 254/734/218
f 255/735/218 242/736/218 253/737/218
f 255/735/218 253/737/218 256/738/218
f 255/735/218 256/738/218 257/739/218
f 257/739/218 250/740/218 249/741/218
f 257/739/218 249/741/218 258/742/218
f 257/739/218 258/742/218 259/743/218
f 259/743/218 246/726/218 254/734/218
f 259/743/218 254/734/218 255/735/218
f 255/735/218 257/739/218 259/743/218
f 261/747/33 255/744/33 254/745/33
f 254/745/33 260/746/33 261/747/33
f 243/749/34 261/747/34 260/746/34
f 260/746/34 244/748/34 243/749/34
f 243/751/35 242/750/35 255/744/35
f 255/744/35 261/747/35 243/751/35
f 260/746/36 254/745/36 245/752/36
f 245/752/36 244/753/36 260/746/36
f 273/765/219 262/754/219 263/755/219
f 264/756/219 265/757/219 266/758/219
f 264/756/219 266/758/219 267/759/219
f 264/756/219 267/759/219 268/760/219
f 268/760/219 269/761/219 270/762/219
f 268/760/219 270/762/219 271/763/219
f 272/764/219 273/765/219 263/755/219
f 272/764/219 263/755/219 264/756/219
f 264/756/219 268/760/219 271/763/219
f 264/756/219 271/763/219 272/764/219
f 279/775/220 266/766/220 265/767/220
f 279/775/220 265/767/220 274/768/220
f 279/775/220 274/768/220 275/769/220
f 275/769/220 262/754/220 273/765/220
f 275/769/220 273/765/220 276/770/220
f 275/769/220 276/770/220 277/771/220
f 277/771/220 270/772/220 269/773/220
f 277/771/220 269/773/220 278/774/220
f 278/774/220 279/775/220 275/769/220
f 275/769/220 277/771/220 278/774/220
f 275/779/221 274/776/221 280/777/221
f 280/777/221 281/778/221 275/779/221
f 281/783/32 280/780/32 264/781/32
f 264/781/32 263/782/32 281/783/32
f 274/785/35 265/784/35 264/781/35
f 264/781/35 280/780/35 274/785/35
f 262/789/36 275/786/36 281/787/36
f 281/787/36 263/788/36 262/789/36
f 259/743/222 258/742/222 282/790/222
f 282/790/222 283/791/222 259/743/222
f 247/727/223 284/792/223 285/793/223
f 285/793/223 248/728/223 247/727/223
f 282/790/224 286/794/224 287/795/224
f 287/795/224 283/791/224 282/790/224
f 286/796/225 282/797/225 258/798/225
f 286/796/225 258/798/225 249/729/225
f 286/796/225 249/729/225 248/728/225
f 286/796/225 248/728/225 285/793/225
f 246/726/226 259/743/226 283/791/226
f 246/726/226 283/791/226 287/795/226
f 246/726/226 287/795/226 284/792/226
f 284/792/226 247/727/226 246/726/226
f 289/800/227 285/793/227 284/792/227
f 284/792/227 288/799/227 289/800/227
f 291/804/228 289/801/228 288/802/228
f 288/802/228 290/803/228 291/804/228
f 286/794/229 291/805/229 290/806/229
f 290/806/229 287/795/229 286/794/229
f 286/796/230 285/793/230 289/807/230
f 289/807/230 291/808/230 286/796/230
f 290/806/231 288/799/231 284/792/231
f 284/792/231 287/795/231 290/806/231
f 289/812/232 291/809/232 290/810/232
f 290/810/232 288/811/232 289/812/232
f 293/816/233 289/813/233 288/814/233
f 288/814/233 292/815/233 293/816/233
f 295/820/234 293/817/234 292/818/234
f 292/818/234 294/819/234 295/820/234
f 291/824/235 295/821/235 294/822/235
f 294/822/235 290/823/235 291/824/235
f 291/828/236 289/825/236 293/826/236
f 293/826/236 295/827/236 291/828/236
f 294/832/237 292/829/237 288/830/237
f 288/830/237 290/831/237 294/832/237
f 293/836/238 295/833/238 294/834/238
f 294/834/238 292/835/238 293/836/238
f 297/840/239 293/837/239 292/838/239
f 292/838/239 296/839/239 297/840/239
f 295/844/240 298/841/240 299/842/240
f 299/842/240 294/843/240 295/844/240
f 295/846/241 293/837/241 297/840/241
f 297/840/241 298/845/241 295/846/241
f 299/848/242 296/839/242 292/838/242
f 292/838/242 294/847/242 299/848/242
f 301/850/243 297/840/243 296/839/243
f 296/839/243 300/849/243 301/850/243
f 298/841/244 302/851/244 303/852/244
f 303/852/244 299/842/244 298/841/244
f 298/845/245 297/840/245 301/850/245
f 301/850/245 302/853/245 298/845/245
f 303/854/246 300/849/246 296/839/246
f 296/839/246 299/848/246 303/854/246
f 305/856/247 301/850/247 300/849/247
f 300/849/247 304/855/247 305/856/247
f 302/851/248 306/857/248 307/858/248
f 307/858/248 303/852/248 302/851/248
f 302/853/249 301/850/249 305/856/249
f 305/856/249 306/859/249 302/853/249
f 307/858/250 304/855/250 300/849/250
f 300/849/250 303/854/250 307/858/250
f 309/861/251 305/856/251 304/855/251
f 304/855/251 308/860/251 309/861/251
f 311/865/252 309/862/252 308/863/252
f 308/863/252 310/864/252 311/865/252
f 306/857/253 311/866/253 310/867/253
f 310/867/253 307/858/253 306/857/253
f 306/859/254 305/856/254 309/861/254
f 309/861/254 311/868/254 306/859/254
f 310/867/255 308/860/255 304/855/255
f 304/855/255 307/858/255 310/867/255
f 309/872/256 311/869/256 310/870/256
f 310/870/256 308/871/256 309/872/256
f 313/876/257 309/873/257 308/874/257
f 308/874/257 312/875/257 313/876/257
f 311/880/258 314/877/258 315/878/258
f 315/878/258 310/879/258 311/880/258
f 311/882/259 309/873/259 313/876/259
f 313/876/259 314/881/259 311/882/259
f 315/884/260 312/875/260 308/874/260
f 308/874/260 310/883/260 315/884/260
f 317/886/261 313/876/261 312/875/261
f 312/875/261 316/885/261 317/886/261
f 314/877/262 318/887/262 319/888/262
f 319/888/262 315/878/262 314/877/262
f 314/881/263 313/876/263 317/886/263
f 317/886/263 318/889/263 314/881/263
f 319/888/264 316/885/264 312/875/264
f 312/875/264 315/884/264 319/888/264
f 321/891/265 317/886/265 316/885/265
f 316/885/265 320/890/265 321/891/265
f 323/895/266 321/892/266 320/893/266
f 320/893/266 322/894/266 323/895/266
f 318/887/267 323/896/267 322/897/267
f 322/897/267 319/888/267 318/887/267
f 318/889/268 317/886/268 321/891/268
f 321/891/268 323/898/268 318/889/268
f 322/897/269 320/890/269 316/885/269
f 316/885/269 319/888/269 322/897/269
f 321/902/270 323/899/270 322/900/270
f 322/900/270 320/901/270 321/902/270
f 325/906/271 321/903/271 320/904/271
f 320/904/271 324/905/271 325/906/271
f 323/910/272 326/907/272 327/908/272
f 327/908/272 322/909/272 323/910/272
f 323/912/273 321/903/273 325/906/273
f 325/906/273 326/911/273 323/912/273
f 327/914/274 324/905/274 320/904/274
f 320/904/274 322/913/274 327/914/274
f 329/916/275 325/906/275 324/905/275
f 324/905/275 328/915/275 329/916/275
f 326/907/276 330/917/276 331/918/276
f 331/918/276 327/908/276 326/907/276
f 326/911/277 325/906/277 329/916/277
f 329/916/277 330/919/277 326/911/277
f 331/920/278 328/915/278 324/905/278
f 324/905/278 327/914/278 331/920/278
f 333/922/279 329/916/279 328/915/279
f 328/915/279 332/921/279 333/922/279
f 330/917/280 334/923/280 335/924/280
f 335/924/280 331/918/280 330/917/280
f 330/919/281 329/916/281 333/922/281
f 333/922/281 334/925/281 330/919/281
f 335/924/282 332/921/282 328/915/282
f 328/915/282 331/920/282 335/924/282
f 337/927/283 333/922/283 332/921/283
f 332/921/283 336/926/283 337/927/283
f 334/923/284 338/928/284 339/929/284
f 339/929/284 335/924/284 334/923/284
f 334/925/285 333/922/285 337/927/285
f 337/927/285 338/930/285 334/925/285
f 339/929/286 336/926/286 332/921/286
f 332/921/286 335/924/286 339/929/286
f 341/934/287 337/931/287 336/932/287
f 336/932/287 340/933/287 341/934/287
f 343/936/288 341/934/288 340/933/288
f 340/933/288 342/935/288 343/936/288
f 338/939/289 343/937/289 342/935/289
f 342/935/289 339/938/289 338/939/289
f 338/939/290 337/940/290 341/941/290
f 341/941/290 343/937/290 338/939/290
f 342/935/291 340/933/291 336/932/291
f 336/932/291 339/938/291 342/935/291
f 277/771/292 276/770/292 344/942/292
f 344/942/292 345/943/292 277/771/292
f 272/764/293 271/763/293 346/944/293
f 346/944/293 347/945/293 272/764/293
f 349/947/294 348/946/294 345/943/294
f 345/943/294 344/942/294 349/947/294
f 277/950/295 345/948/295 348/949/295
f 348/949/295 346/944/295 271/763/295
f 348/949/295 271/763/295 270/762/295
f 348/949/295 270/762/295 277/950/295
f 272/764/296 347/945/296 349/947/296
f 349/947/296 344/942/296 276/770/296
f 349/947/296 276/770/296 273/765/296
f 349/947/296 273/765/296 272/764/296
f 347/945/297 346/944/297 350/951/297
f 350/951/297 351/952/297 347/945/297
f 351/956/298 350/953/298 352/954/298
f 352/954/298 353/955/298 351/956/298
f 353/958/299 352/957/299 348/946/299
f 348/946/299 349/947/299 353/958/299
f 350/960/300 346/944/300 348/949/300
f 348/949/300 352/959/300 350/960/300
f 347/945/301 351/952/301 353/958/301
f 353/958/301 349/947/301 347/945/301
f 353/964/302 352/961/302 350/962/302
f 350/962/302 351/963/302 353/964/302
f 351/968/303 350/965/303 354/966/303
f 354/966/303 355/967/303 351/968/303
f 355/972/304 354/969/304 356/970/304
f 356/970/304 357/971/304 355/972/304
f 357/976/305 356/973/305 352/974/305
f 352/974/305 353/975/305 357/976/305
f 354/980/306 350/977/306 352/978/306
f 352/978/306 356/979/306 354/980/306
f 351/984/307 355/981/307 357/982/307
f 357/982/307 353/983/307 351/984/307
f 357/988/308 356/985/308 354/986/308
f 354/986/308 355/987/308 357/988/308
f 355/992/309 354/989/309 358/990/309
f 358/990/309 359/991/309 355/992/309
f 361/996/310 360/993/310 356/994/310
f 356/994/310 357/995/310 361/996/310
f 358/990/311 354/989/311 356/997/311
f 356/997/311 360/998/311 358/990/311
f 355/992/312 359/991/312 361/999/312
f 361/999/312 357/1000/312 355/992/312
f 359/991/313 358/990/313 362/1001/313
f 362/1001/313 363/1002/313 359/991/313
f 365/1004/314 364/1003/314 360/993/314
f 360/993/314 361/996/314 365/1004/314
f 362/1001/315 358/990/315 360/998/315
f 360/998/315 364/1005/315 362/1001/315
f 359/991/316 363/1002/316 365/1006/316
f 365/1006/316 361/999/316 359/991/316
f 363/1002/317 362/1001/317 366/1007/317
f 366/1007/317 367/1008/317 363/1002/317
f 369/1010/318 368/1009/318 364/1003/318
f 364/1003/318 365/1004/318 369/1010/318
f 366/1007/319 362/1001/319 364/1005/319
f 364/1005/319 368/1011/319 366/1007/319
f 363/1002/320 367/1008/320 369/1010/320
f 369/1010/320 365/1006/320 363/1002/320
f 367/1008/321 366/1007/321 370/1012/321
f 370/1012/321 371/1013/321 367/1008/321
f 371/1017/322 370/1014/322 372/1015/322
f 372/1015/322 373/1016/322 371/1017/322
f 373/1019/323 372/1018/323 368/1009/323
f 368/1009/323 369/1010/323 373/1019/323
f 370/1012/324 366/1007/324 368/1011/324
f 368/1011/324 372/1020/324 370/1012/324
f 367/1008/325 371/1013/325 373/1019/325
f 373/1019/325 369/1010/325 367/1008/325
f 373/1024/326 372/1021/326 370/1022/326
f 370/1022/326 371/1023/326 373/1024/326
f 371/1028/327 370/1025/327 374/1026/327
f 374/1026/327 375/1027/327 371/1028/327
f 377/1032/328 374/1029/328 375/1030/328
f 375/1030/328 376/1031/328 377/1032/328
f 376/1036/329 377/1033/329 372/1034/329
f 372/1034/329 373/1035/329 376/1036/329
f 374/1040/330 370/1037/330 372/1038/330
f 372/1038/330 377/1039/330 374/1040/330
f 371/1044/331 375/1041/331 376/1042/331
f 376/1042/331 373/1043/331 371/1044/331
f 374/1048/332 377/1045/332 376/1046/332
f 376/1046/332 375/1047/332 374/1048/332
f 375/1052/333 374/1049/333 378/1050/333
f 378/1050/333 379/1051/333 375/1052/333
f 381/1056/334 378/1053/334 379/1054/334
f 379/1054/334 380/1055/334 381/1056/334
f 380/1060/335 381/1057/335 377/1058/335
f 377/1058/335 376/1059/335 380/1060/335
f 378/1064/336 374/1061/336 377/1062/336
f 377/1062/336 381/1063/336 378/1064/336
f 375/1068/337 379/1065/337 380/1066/337
f 380/1066/337 376/1067/337 375/1068/337
f 378/1072/338 381/1069/338 380/1070/338
f 380/1070/338 379/1071/338 378/1072/338
f 379/1076/339 378/1073/339 382/1074/339
f 382/1074/339 383/1075/339 379/1076/339
f 383/1080/340 382/1077/340 384/1078/340
f 384/1078/340 385/1079/340 383/1080/340
f 385/1084/341 384/1081/341 381/1082/341
f 381/1082/341 380/1083/341 385/1084/341
f 382/1088/342 378/1085/342 381/1086/342
f 381/1086/342 384/1087/342 382/1088/342
f 379/1092/343 383/1089/343 385/1090/343
f 385/1090/343 380/1091/343 379/1092/343
f 385/1096/344 384/1093/344 382/1094/344
f 382/1094/344 383/1095/344 385/1096/344
f 383/1100/345 382/1097/345 386/1098/345
f 386/1098/345 387/1099/345 383/1100/345
f 389/1104/346 388/1101/346 384/1102/346
f 384/1102/346 385/1103/346 389/1104/346
f 386/1108/347 382/1105/347 384/1106/347
f 384/1106/347 388/1107/347 386/1108/347
f 383/1112/348 387/1109/348 389/1110/348
f 389/1110/348 385/1111/348 383/1112/348
f 387/1099/349 386/1098/349 390/1113/349
f 390/1113/349 391/1114/349 387/1099/349
f 391/1118/350 390/1115/350 392/1116/350
f 392/1116/350 393/1117/350 391/1118/350
f 393/1120/351 392/1119/351 388/1101/351
f 388/1101/351 389/1104/351 393/1120/351
f 390/1122/352 386/1108/352 388/1107/352
f 388/1107/352 392/1121/352 390/1122/352
f 387/1109/353 391/1123/353 393/1124/353
f 393/1124/353 389/1110/353 387/1109/353
f 393/1128/354 392/1125/354 390/1126/354
f 390/1126/354 391/1127/354 393/1128/354
f 391/1132/355 390/1129/355 394/1130/355
f 394/1130/355 395/1131/355 391/1132/355
f 397/1136/356 396/1133/356 392/1134/356
f 392/1134/356 393/1135/356 397/1136/356
f 394/1130/357 390/1129/357 392/1137/357
f 392/1137/357 396/1138/357 394/1130/357
f 391/1132/358 395/1131/358 397/1136/358
f 397/1136/358 393/1139/358 391/1132/358
f 395/1131/359 394/1130/359 398/1140/359
f 398/1140/359 399/1141/359 395/1131/359
f 401/1143/360 400/1142/360 396/1133/360
f 396/1133/360 397/1136/360 401/1143/360
f 398/1140/361 394/1130/361 396/1138/361
f 396/1138/361 400/1144/361 398/1140/361
f 395/1131/362 399/1141/362 401/1143/362
f 401/1143/362 397/1136/362 395/1131/362
f 399/1148/363 398/1145/363 402/1146/363
f 402/1146/363 403/1147/363 399/1148/363
f 403/1147/364 402/1146/364 404/1149/364
f 404/1149/364 405/1150/364 403/1147/364
f 405/1150/365 404/1151/365 400/1152/365
f 400/1152/365 401/1153/365 405/1150/365
f 402/1155/366 398/1154/366 400/1152/366
f 400/1152/366 404/1151/366 402/1155/366
f 399/1148/367 403/1147/367 405/1150/367
f 405/1150/367 401/1153/367 399/1148/367
f 257/1159/368 256/1156/368 406/1157/368
f 406/1157/368 407/1158/368 257/1159/368
f 252/732/369 251/731/369 408/1160/369
f 408/1160/369 409/1161/369 252/732/369
f 411/1163/370 410/1162/370 407/1158/370
f 407/1158/370 406/1157/370 411/1163/370
f 250/730/371 257/1164/371 407/1165/371
f 250/730/371 407/1165/371 410/1166/371
f 250/730/371 410/1166/371 408/1160/371
f 408/1160/371 251/731/371 250/730/371
f 252/732/372 409/1161/372 411/1163/372
f 411/1163/372 406/1157/372 256/1156/372
f 411/1163/372 256/1156/372 253/733/372
f 411/1163/372 253/733/372 252/732/372
f 409/1161/373 408/1160/373 412/1167/373
f 412/1167/373 413/1168/373 409/1161/373
f 413/1172/374 412/1169/374 414/1170/374
f 414/1170/374 415/1171/374 413/1172/374
f 415/1174/375 414/1173/375 410/1162/375
f 410/1162/375 411/1163/375 415/1174/375
f 412/1176/376 408/1160/376 410/1166/376
f 410/1166/376 414/1175/376 412/1176/376
f 409/1161/377 413/1177/377 415/1174/377
f 415/1174/377 411/1163/377 409/1161/377
f 415/1181/378 414/1178/378 412/1179/378
f 412/1179/378 413/1180/378 415/1181/378
f 413/1185/379 412/1182/379 416/1183/379
f 416/1183/379 417/1184/379 413/1185/379
f 417/1189/380 416/1186/380 418/1187/380
f 418/1187/380 419/1188/380 417/1189/380
f 419/1193/381 418/1190/381 414/1191/381
f 414/1191/381 415/1192/381 419/1193/381
f 416/1197/382 412/1194/382 414/1195/382
f 414/1195/382 418/1196/382 416/1197/382
f 413/1201/383 417/1198/383 419/1199/383
f 419/1199/383 415/1200/383 413/1201/383
f 419/1205/384 418/1202/384 416/1203/384
f 416/1203/384 417/1204/384 419/1205/384
f 417/1209/385 416/1206/385 420/1207/385
f 420/1207/385 421/1208/385 417/1209/385
f 423/1213/386 422/1210/386 418/1211/386
f 418/1211/386 419/1212/386 423/1213/386
f 420/1207/387 416/1206/387 418/1214/387
f 418/1214/387 422/1215/387 420/1207/387
f 417/1209/388 421/1208/388 423/1216/388
f 423/1216/388 419/1217/388 417/1209/388
f 421/1208/389 420/1207/389 424/1218/389
f 424/1218/389 425/1219/389 421/1208/389
f 427/1221/390 426/1220/390 422/1210/390
f 422/1210/390 423/1213/390 427/1221/390
f 424/1218/391 420/1207/391 422/1215/391
f 422/1215/391 426/1222/391 424/1218/391
f 421/1208/392 425/1219/392 427/1223/392
f 427/1223/392 423/1216/392 421/1208/392
f 425/1219/393 424/1218/393 428/1224/393
f 428/1224/393 429/1225/393 425/1219/393
f 431/1227/394 430/1226/394 426/1220/394
f 426/1220/394 427/1221/394 431/1227/394
f 428/1224/395 424/1218/395 426/1222/395
f 426/1222/395 430/1228/395 428/1224/395
f 425/1219/396 429/1225/396 431/1227/396
f 431/1227/396 427/1223/396 425/1219/396
f 429/1225/397 428/1224/397 432/1229/397
f 432/1229/397 433/1230/397 429/1225/397
f 433/1234/398 432/1231/398 434/1232/398
f 434/1232/398 435/1233/398 433/1234/398
f 435/1236/399 434/1235/399 430/1226/399
f 430/1226/399 431/1227/399 435/1236/399
f 432/1229/400 428/1224/400 430/1228/400
f 430/1228/400 434/1237/400 432/1229/400
f 429/1225/401 433/1230/401 435/1236/401
f 435/1236/401 431/1227/401 429/1225/401
f 435/1241/402 434/1238/402 432/1239/402
f 432/1239/402 433/1240/402 435/1241/402
f 433/1245/403 432/1242/403 436/1243/403
f 436/1243/403 437/1244/403 433/1245/403
f 439/1249/404 438/1246/404 434/1247/404
f 434/1247/404 435/1248/404 439/1249/404
f 436/1243/405 432/1242/405 434/1250/405
f 434/1250/405 438/1251/405 436/1243/405
f 433/1245/406 437/1244/406 439/1252/406
f 439/1252/406 435/1253/406 433/1245/406
f 437/1244/407 436/1243/407 440/1254/407
f 440/1254/407 441/1255/407 437/1244/407
f 443/1257/408 442/1256/408 438/1246/408
f 438/1246/408 439/1249/408 443/1257/408
f 440/1254/409 436/1243/409 438/1251/409
f 438/1251/409 442/1258/409 440/1254/409
f 437/1244/410 441/1255/410 443/1257/410
f 443/1257/410 439/1252/410 437/1244/410
f 441/1255/411 440/1254/411 444/1259/411
f 444/1259/411 445/1260/411 441/1255/411
f 445/1264/412 444/1261/412 446/1262/412
f 446/1262/412 447/1263/412 445/1264/412
f 447/1266/413 446/1265/413 442/1256/413
f 442/1256/413 443/1257/413 447/1266/413
f 444/1259/414 440/1254/414 442/1258/414
f 442/1258/414 446/1267/414 444/1259/414
f 441/1255/415 445/1260/415 447/1266/415
f 447/1266/415 443/1257/415 441/1255/415
f 447/1271/416 446/1268/416 444/1269/416
f 444/1269/416 445/1270/416 447/1271/416
f 445/1275/417 444/1272/417 448/1273/417
f 448/1273/417 449/1274/417 445/1275/417
f 451/1279/418 450/1276/418 446/1277/418
f 446/1277/418 447/1278/418 451/1279/418
f 448/1283/419 444/1280/419 446/1281/419
f 446/1281/419 450/1282/419 448/1283/419
f 445/1287/420 449/1284/420 451/1285/420
f 451/1285/420 447/1286/420 445/1287/420
f 449/1274/421 448/1273/421 452/1288/421
f 452/1288/421 453/1289/421 449/1274/421
f 453/1293/422 452/1290/422 454/1291/422
f 454/1291/422 455/1292/422 453/1293/422
f 455/1295/423 454/1294/423 450/1276/423
f 450/1276/423 451/1279/423 455/1295/423
f 452/1297/424 448/1283/424 450/1282/424
f 450/1282/424 454/1296/424 452/1297/424
f 449/1284/425 453/1298/425 455/1299/425
f 455/1299/425 451/1285/425 449/1284/425
f 455/1303/426 454/1300/426 452/1301/426
f 452/1301/426 453/1302/426 455/1303/426
f 453/1307/427 452/1304/427 456/1305/427
f 456/1305/427 457/1306/427 453/1307/427
f 459/1311/428 458/1308/428 454/1309/428
f 454/1309/428 455/1310/428 459/1311/428
f 456/1305/429 452/1304/429 454/1312/429
f 454/1312/429 458/1313/429 456/1305/429
f 453/1307/430 457/1306/430 459/1311/430
f 459/1311/430 455/1314/430 453/1307/430
f 457/1306/431 456/1305/431 460/1315/431
f 460/1315/431 461/1316/431 457/1306/431
f 463/1318/432 462/1317/432 458/1308/432
f 458/1308/432 459/1311/432 463/1318/432
f 460/1315/433 456/1305/433 458/1313/433
f 458/1313/433 462/1319/433 460/1315/433
f 457/1306/434 461/1316/434 463/1318/434
f 463/1318/434 459/1311/434 457/1306/434
f 461/1323/435 460/1320/435 464/1321/435
f 464/1321/435 465/1322/435 461/1323/435
f 465/1322/436 464/1321/436 466/1324/436
f 466/1324/436 467/1325/436 465/1322/436
f 467/1325/437 466/1326/437 462/1327/437
f 462/1327/437 463/1328/437 467/1325/437
f 464/1330/438 460/1329/438 462/1327/438
f 462/1327/438 466/1326/438 464/1330/438
f 461/1323/439 465/1322/439 467/1325/439
f 467/1325/439 463/1328/439 461/1323/439
f 278/1334/440 468/1331/440 469/1332/440
f 469/1332/440 279/1333/440 278/1334/440
f 267/759/441 470/1335/441 471/1336/441
f 471/1336/441 268/760/441 267/759/441
f 468/1331/442 472/1337/442 473/1338/442
f 473/1338/442 469/1332/442 468/1331/442
f 268/760/443 471/1336/443 472/1339/443
f 472/1339/443 468/1340/443 278/1341/443
f 472/1339/443 278/1341/443 269/761/443
f 472/1339/443 269/761/443 268/760/443
f 279/1333/444 469/1332/444 473/1338/444
f 473/1338/444 470/1335/444 267/759/444
f 473/1338/444 267/759/444 266/758/444
f 473/1338/444 266/758/444 279/1333/444
f 475/1343/445 471/1336/445 470/1335/445
f 470/1335/445 474/1342/445 475/1343/445
f 477/1347/446 475/1344/446 474/1345/446
f 474/1345/446 476/1346/446 477/1347/446
f 472/1337/447 477/1348/447 476/1349/447
f 476/1349/447 473/1338/447 472/1337/447
f 472/1339/448 471/1336/448 475/1350/448
f 475/1350/448 477/1351/448 472/1339/448
f 476/1349/449 474/1352/449 470/1335/449
f 470/1335/449 473/1338/449 476/1349/449
f 475/1356/450 477/1353/450 476/1354/450
f 476/1354/450 474/1355/450 475/1356/450
f 479/1360/451 475/1357/451 474/1358/451
f 474/1358/451 478/1359/451 479/1360/451
f 481/1364/452 479/1361/452 478/1362/452
f 478/1362/452 480/1363/452 481/1364/452
f 477/1368/453 481/1365/453 480/1366/453
f 480/1366/453 476/1367/453 477/1368/453
f 477/1372/454 475/1369/454 479/1370/454
f 479/1370/454 481/1371/454 477/1372/454
f 480/1376/455 478/1373/455 474/1374/455
f 474/1374/455 476/1375/455 480/1376/455
f 479/1380/456 481/1377/456 480/1378/456
f 480/1378/456 478/1379/456 479/1380/456
f 483/1384/457 479/1381/457 478/1382/457
f 478/1382/457 482/1383/457 483/1384/457
f 481/1388/458 484/1385/458 485/1386/458
f 485/1386/458 480/1387/458 481/1388/458
f 481/1392/459 479/1389/459 483/1390/459
f 483/1390/459 484/1391/459 481/1392/459
f 485/1396/460 482/1393/460 478/1394/460
f 478/1394/460 480/1395/460 485/1396/460
f 487/1398/461 483/1384/461 482/1383/461
f 482/1383/461 486/1397/461 487/1398/461
f 489/1402/462 487/1399/462 486/1400/462
f 486/1400/462 488/1401/462 489/1402/462
f 484/1385/463 489/1403/463 488/1404/463
f 488/1404/463 485/1386/463 484/1385/463
f 484/1391/464 483/1390/464 487/1405/464
f 487/1405/464 489/1406/464 484/1391/464
f 488/1408/465 486/1407/465 482/1393/465
f 482/1393/465 485/1396/465 488/1408/465
f 487/1412/466 489/1409/466 488/1410/466
f 488/1410/466 486/1411/466 487/1412/466
f 491/1416/467 487/1413/467 486/1414/467
f 486/1414/467 490/1415/467 491/1416/467
f 489/1420/468 492/1417/468 493/1418/468
f 493/1418/468 488/1419/468 489/1420/468
f 489/1424/469 487/1421/469 491/1422/469
f 491/1422/469 492/1423/469 489/1424/469
f 493/1428/470 490/1425/470 486/1426/470
f 486/1426/470 488/1427/470 493/1428/470
f 495/1430/471 491/1416/471 490/1415/471
f 490/1415/471 494/1429/471 495/1430/471
f 497/1434/472 495/1431/472 494/1432/472
f 494/1432/472 496/1433/472 497/1434/472
f 492/1417/473 497/1435/473 496/1436/473
f 496/1436/473 493/1418/473 492/1417/473
f 492/1423/474 491/1422/474 495/1437/474
f 495/1437/474 497/1438/474 492/1423/474
f 496/1440/475 494/1439/475 490/1425/475
f 490/1425/475 493/1428/475 496/1440/475
f 495/1444/476 497/1441/476 496/1442/476
f 496/1442/476 494/1443/476 495/1444/476
f 499/1448/477 495/1445/477 494/1446/477
f 494/1446/477 498/1447/477 499/1448/477
f 497/1452/478 500/1449/478 501/1450/478
f 501/1450/478 496/1451/478 497/1452/478
f 497/1456/479 495/1453/479 499/1454/479
f 499/1454/479 500/1455/479 497/1456/479
f 501/1460/480 498/1457/480 494/1458/480
f 494/1458/480 496/1459/480 501/1460/480
f 503/1462/481 499/1448/481 498/1447/481
f 498/1447/481 502/1461/481 503/1462/481
f 505/1466/482 503/1463/482 502/1464/482
f 502/1464/482 504/1465/482 505/1466/482
f 500/1449/483 505/1467/483 504/1468/483
f 504/1468/483 501/1450/483 500/1449/483
f 500/1455/484 499/1454/484 503/1469/484
f 503/1469/484 505/1470/484 500/1455/484
f 504/1472/485 502/1471/485 498/1457/485
f 498/1457/485 501/1460/485 504/1472/485
f 503/1476/486 505/1473/486 504/1474/486
f 504/1474/486 502/1475/486 503/1476/486
f 507/1480/487 503/1477/487 502/1478/487
f 502/1478/487 506/1479/487 507/1480/487
f 509/1484/488 507/1481/488 506/1482/488
f 506/1482/488 508/1483/488 509/1484/488
f 505/1488/489 509/1485/489 508/1486/489
f 508/1486/489 504/1487/489 505/1488/489
f 505/1492/490 503/1489/490 507/1490/490
f 507/1490/490 509/1491/490 505/1492/490
f 508/1496/491 506/1493/491 502/1494/491
f 502/1494/491 504/1495/491 508/1496/491
f 507/1500/492 509/1497/492 508/1498/492
f 508/1498/492 506/1499/492 507/1500/492
f 511/1504/493 507/1501/493 506/1502/493
f 506/1502/493 510/1503/493 511/1504/493
f 509/1508/494 512/1505/494 513/1506/494
f 513/1506/494 508/1507/494 509/1508/494
f 509/1510/495 507/1501/495 511/1504/495
f 511/1504/495 512/1509/495 509/1510/495
f 513/1512/496 510/1503/496 506/1502/496
f 506/1502/496 508/1511/496 513/1512/496
f 515/1514/497 511/1504/497 510/1503/497
f 510/1503/497 514/1513/497 515/1514/497
f 512/1505/498 516/1515/498 517/1516/498
f 517/1516/498 513/1506/498 512/1505/498
f 512/1509/499 511/1504/499 515/1514/499
f 515/1514/499 516/1517/499 512/1509/499
f 517/1516/500 514/1513/500 510/1503/500
f 510/1503/500 513/1512/500 517/1516/500
f 519/1519/501 515/1514/501 514/1513/501
f 514/1513/501 518/1518/501 519/1519/501
f 521/1523/502 519/1520/502 518/1521/502
f 518/1521/502 520/1522/502 521/1523/502
f 516/1515/503 521/1524/503 520/1525/503
f 520/1525/503 517/1516/503 516/1515/503
f 516/1517/504 515/1514/504 519/1519/504
f 519/1519/504 521/1526/504 516/1517/504
f 520/1525/505 518/1518/505 514/1513/505
f 514/1513/505 517/1516/505 520/1525/505
f 519/1530/506 521/1527/506 520/1528/506
f 520/1528/506 518/1529/506 519/1530/506
f 523/1534/507 519/1531/507 518/1532/507
f 518/1532/507 522/1533/507 523/1534/507
f 521/1538/508 524/1535/508 525/1536/508
f 525/1536/508 520/1537/508 521/1538/508
f 521/1538/509 519/1539/509 523/1540/509
f 523/1540/509 524/1535/509 521/1538/509
f 525/1536/510 522/1533/510 518/1532/510
f 518/1532/510 520/1537/510 525/1536/510
f 527/1544/511 523/1541/511 522/1542/511
f 522/1542/511 526/1543/511 527/1544/511
f 529/1546/512 527/1544/512 526/1543/512
f 526/1543/512 528/1545/512 529/1546/512
f 524/1549/513 529/1547/513 528/1545/513
f 528/1545/513 525/1548/513 524/1549/513
f 524/1549/514 523/1550/514 527/1551/514
f 527/1551/514 529/1547/514 524/1549/514
f 528/1545/515 526/1543/515 522/1542/515
f 522/1542/515 525/1548/515 528/1545/515
f 533/1555/32 530/1552/32 531/1553/32
f 531/1553/32 532/1554/32 533/1555/32
f 535/1559/33 533/1556/33 532/1557/33
f 532/1557/33 534/1558/33 535/1559/33
f 537/1563/34 535/1560/34 534/1561/34
f 534/1561/34 536/1562/34 537/1563/34
f 530/1567/516 537/1564/516 536/1565/516
f 536/1565/516 531/1566/516 530/1567/516
f 530/1571/35 533/1568/35 535/1569/35
f 535/1569/35 537/1570/35 530/1571/35
f 536/1575/36 534/1572/36 532/1573/36
f 532/1573/36 531/1574/36 536/1575/36
f 541/1579/34 538/1576/34 539/1577/34
f 539/1577/34 540/1578/34 541/1579/34
f 540/1583/33 539/1580/33 542/1581/33
f 542/1581/33 543/1582/33 540/1583/33
f 543/1587/32 542/1584/32 544/1585/32
f 544/1585/32 545/1586/32 543/1587/32
f 545/1591/516 544/1588/516 538/1589/516
f 538/1589/516 541/1590/516 545/1591/516
f 542/1595/35 539/1592/35 538/1593/35
f 538/1593/35 544/1594/35 542/1595/35
f 540/1599/36 543/1596/36 545/1597/36
f 545/1597/36 541/1598/36 540/1599/36
