# File produced by Open Asset Import Library (http://www.assimp.sf.net)
# (assimp v3.1.236340372)

mtllib Unity%20HD%20Render%20Pipeline%20(Metallic%20Standard).mtl

# vertex positions
v 31.615711 132.473175 -31.615738
v 0.000001 137.757080 -33.314072
v -0.000001 143.524826 -0.000024
v 33.314049 137.757080 -0.000022
v -31.615711 132.473190 -31.615730
v -33.314049 137.757080 -0.000023
v -0.000001 137.757080 33.314026
v 31.615711 132.473190 31.615692
v -31.615711 132.473175 31.615692
v 50.000008 109.574188 -50.000023
v 29.664997 116.867455 -57.293297
v 57.293278 116.867477 -29.665016
v 0.000000 120.530975 -60.956806
v -29.664999 116.867477 -57.293297
v -50.000008 109.574188 -50.000023
v -57.293278 116.867455 -29.665016
v -60.956783 120.530983 -0.000020
v -57.293278 116.867493 29.664978
v -50.000008 109.574203 49.999989
v -29.664999 116.867477 57.293266
v -0.000000 120.530991 60.956776
v 29.664997 116.867477 57.293270
v 57.293278 116.867477 29.664980
v 50.000000 109.574203 49.999989
v 60.956783 120.530983 -0.000019
v 31.471485 45.594967 73.209587
v 31.615711 91.189926 72.898979
v 0.000001 92.888260 78.182869
v 0.000001 46.444134 78.563416
v -31.615711 91.189926 72.898972
v -31.471487 45.594967 73.209587
v 57.307362 44.619602 57.307350
v 57.293278 89.239197 57.293270
v -57.293278 89.239197 57.293262
v -57.307362 44.619602 57.307350
v -73.209595 45.594959 31.471476
v -72.898994 91.189919 31.615694
v -78.182877 92.888237 -0.000015
v -78.563431 46.444118 -0.000008
v -72.898987 91.189903 -31.615728
v -73.209595 45.594952 -31.471493
v -57.293278 89.239182 -57.293293
v -57.307362 44.619583 -57.307369
v 73.209595 45.594952 -31.471491
v 72.898994 91.189903 -31.615726
v 78.182884 92.888237 -0.000016
v 78.563431 46.444118 -0.000008
v 72.898987 91.189919 31.615696
v 73.209595 45.594959 31.471479
v 57.307362 44.619583 -57.307369
v 57.293282 89.239182 -57.293293
v -31.471485 45.594940 -73.209602
v -31.615711 91.189888 -72.899002
v -0.000001 92.888229 -78.182892
v 0.000000 46.444111 -78.563438
v 31.615711 91.189888 -72.898994
v 31.471487 45.594940 -73.209602
v 31.327263 -0.000012 -73.520203
v 57.321442 -0.000009 -57.321445
v -57.321445 -0.000009 -57.321442
v -31.327259 -0.000012 -73.520203
v 0.000001 -0.000013 -78.943977
v 73.520203 0.000005 31.327263
v 57.321445 0.000009 57.321442
v 73.520203 -0.000005 -31.327263
v 78.943977 -0.000000 -0.000001
v -73.520203 -0.000005 -31.327263
v -57.321442 0.000009 57.321445
v -73.520203 0.000005 31.327259
v -78.943977 -0.000000 -0.000001
v -31.327263 0.000012 73.520203
v 31.327263 0.000012 73.520203
v 0.000001 0.000013 78.943977
v 31.615711 -132.473175 -31.615694
v 33.314049 -137.757080 0.000023
v -0.000001 -143.524826 0.000023
v 0.000001 -137.757080 -33.314026
v -33.314049 -137.757080 0.000022
v -31.615711 -132.473190 -31.615690
v 31.615711 -132.473190 31.615732
v -0.000001 -137.757080 33.314072
v -31.615711 -132.473175 31.615732
v 50.000008 -109.574203 -49.999989
v 57.293278 -116.867493 -29.664978
v 29.664997 -116.867477 -57.293259
v 0.000000 -120.530991 -60.956768
v -29.664999 -116.867493 -57.293259
v -57.293278 -116.867477 -29.664978
v -50.000008 -109.574203 -49.999989
v -60.956783 -120.530983 0.000019
v -57.293278 -116.867477 29.665016
v -29.664999 -116.867455 57.293304
v -50.000008 -109.574188 50.000023
v -0.000000 -120.530975 60.956814
v 29.664997 -116.867455 57.293308
v 57.293278 -116.867455 29.665018
v 50.000000 -109.574188 50.000023
v 60.956783 -120.530983 0.000020
v 31.471485 -45.594940 73.209602
v 0.000001 -46.444111 78.563438
v 0.000001 -92.888229 78.182892
v 31.615711 -91.189888 72.899002
v -31.471487 -45.594940 73.209602
v -31.615711 -91.189888 72.898994
v 57.307362 -44.619583 57.307369
v 57.293278 -89.239182 57.293301
v -57.293278 -89.239182 57.293293
v -57.307362 -44.619583 57.307369
v -73.209595 -45.594952 31.471491
v -78.563431 -46.444118 0.000007
v -78.182877 -92.888237 0.000015
v -72.898994 -91.189903 31.615726
v -73.209595 -45.594959 -31.471479
v -72.898987 -91.189919 -31.615696
v -57.293278 -89.239197 -57.293262
v -57.307362 -44.619602 -57.307350
v 73.209595 -45.594959 -31.471476
v 78.563431 -46.444118 0.000007
v 78.182884 -92.888237 0.000014
v 72.898994 -91.189919 -31.615694
v 73.209595 -45.594952 31.471493
v 72.898987 -91.189903 31.615728
v 57.307362 -44.619602 -57.307350
v 57.293282 -89.239197 -57.293262
v -31.471485 -45.594967 -73.209587
v 0.000000 -46.444134 -78.563416
v -0.000001 -92.888260 -78.182869
v -31.615711 -91.189926 -72.898979
v 31.471487 -45.594967 -73.209587
v 31.615711 -91.189926 -72.898972
v 45.730968 106.955658 64.600319
v 37.680367 100.856087 51.419041
v 32.841682 101.639786 53.598133
v 39.085285 108.032028 67.593185
v 46.650307 99.496063 -69.976852
v 38.349735 95.424789 -46.565918
v 39.428036 97.998260 -44.555401
v 47.478634 104.097832 -67.215515
v 39.738495 100.292816 70.773926
v 33.317280 96.004898 55.914013
v 38.349731 95.424797 53.429554
v 46.650303 99.496071 67.361649
v 58.481152 98.663902 58.481152
v 46.963718 94.818893 46.963711
v 50.459541 94.990318 42.915504
v 63.282486 98.899353 52.921158
v -69.459846 43.789425 55.115795
v -46.189487 54.865070 44.513416
v -46.149342 64.035347 44.503273
v -69.404709 56.384323 55.101879
v 61.027439 106.091118 51.638931
v 48.817650 100.226624 41.981926
v 45.699615 99.965179 45.699608
v 56.744984 105.732033 56.744968
v 51.638939 106.091118 61.027424
v 41.981934 100.226624 48.817646
v -74.192764 56.590092 48.285885
v -49.635498 64.185165 39.540585
v -49.692307 54.983894 39.539398
v -74.270782 43.952637 48.284252
v 70.062233 109.128525 31.800634
v 55.395844 102.438133 27.537758
v 53.598160 101.639771 32.841671
v 67.593216 108.032005 39.085270
v 42.915524 94.990318 50.459522
v 52.921169 98.899353 63.282459
v -71.987213 90.636131 47.444859
v -48.029648 88.973923 38.928238
v -48.947716 81.461685 39.296600
v -73.248131 80.318466 47.950779
v 70.773933 100.292801 39.738476
v 55.914024 96.004890 33.317265
v 57.946510 96.622505 27.872200
v 73.565437 101.141052 32.259968
v -68.628677 79.985344 54.638603
v -45.584312 81.219131 44.165974
v -44.817036 88.654266 43.680286
v -67.574860 90.197105 53.971542
v -49.435158 73.104927 39.480183
v -73.917603 68.840904 48.202919
v 64.600327 106.955658 45.730957
v 51.419060 100.856087 37.680359
v 53.429569 95.424805 38.349720
v 67.361664 99.496078 46.650288
v 55.098938 -6.854947 -69.569397
v 44.501144 -0.579788 -46.269253
v 39.493618 -0.579789 -49.823830
v 48.221367 -6.854948 -74.451424
v -69.183136 68.582031 54.979092
v -45.988018 72.916428 44.413876
v -69.569389 -6.854926 55.098938
v -46.269234 -2.216372 44.501144
v -46.249302 7.002106 44.504208
v -69.542007 5.806162 55.103153
v 59.550724 97.182556 22.075144
v 75.768745 101.910286 24.298018
v -74.406265 5.846963 48.237095
v -49.790951 7.031813 39.505070
v -49.823830 -2.216373 39.493618
v -74.451424 -6.854928 48.221367
v -61.096329 98.663918 58.481144
v -40.100056 94.818909 46.963703
v -36.051853 94.990318 50.459522
v -55.536343 98.899345 63.282471
v 72.033157 110.096848 23.988689
v 56.830864 103.143166 21.849922
v -49.725178 45.735714 39.527958
v -74.315926 31.250744 48.268543
v -54.254116 106.091118 61.027416
v -35.118267 100.226624 48.817638
v -38.835957 99.965179 45.699604
v -59.360161 105.732033 56.744961
v 74.685280 111.541786 -1.307604
v 58.761856 104.195221 3.431817
v 58.538952 104.064148 9.700193
v 74.379128 111.361771 7.301680
v -69.487236 31.128340 55.111588
v -46.209419 45.646591 44.510349
v -34.415825 109.128510 70.062210
v -20.674109 102.438126 55.395821
v -25.978008 101.639786 53.598133
v -41.700447 108.032028 67.593185
v 78.350540 102.942200 7.391394
v 61.430511 97.933899 9.765514
v 61.671894 98.043182 3.431818
v 78.682045 103.092293 -1.307603
v -49.758057 36.487530 39.516506
v -74.361092 18.548847 48.252819
v -10.006585 102.942223 78.350525
v -2.901862 97.933914 61.430504
v 3.431834 98.043190 61.671875
v -1.307586 103.092308 78.682037
v -48.346138 106.955658 64.600311
v -30.816698 100.856087 51.419041
v -31.486063 95.424789 53.429554
v -49.265476 99.496063 67.361649
v 60.717766 97.633385 16.009769
v 57.886921 103.699341 15.871813
v -69.514626 18.467251 55.107365
v -46.229366 36.428120 44.507271
v 77.371605 102.529449 15.967546
v -26.453604 96.004890 55.914009
v -42.353661 100.292809 70.773918
v 61.430508 97.933899 -2.901878
v 78.350525 102.942200 -10.006599
v -34.875164 101.141052 73.565430
v -21.008551 96.622490 57.946495
v -15.211494 97.182587 59.550709
v -26.913210 101.910309 75.768738
v 74.379120 111.361771 -9.916891
v 58.538944 104.064148 -2.836562
v 55.115807 43.789406 -69.459854
v 44.513424 54.865051 -46.189495
v 44.510357 45.646572 -46.209427
v 55.111591 31.128317 -69.487244
v -26.603874 110.096848 72.033134
v -14.986269 103.143166 56.830849
v 70.062233 109.128510 -34.415844
v 55.395844 102.438126 -20.674128
v 56.830864 103.143173 -14.986288
v 72.033157 110.096848 -26.603891
v 48.268547 31.250725 -74.315948
v 39.527966 45.735695 -49.725193
v 39.539421 54.983883 -49.692307
v 48.284275 43.952618 -74.270782
v -1.307586 111.541786 74.685272
v 3.431834 104.195221 58.761841
v -2.836545 104.064163 58.538937
v -9.916873 111.361786 74.379120
v 75.768745 101.910278 -26.913227
v 59.550724 97.182571 -15.211512
v 57.946503 96.622498 -21.008568
v 73.565430 101.141037 -34.875179
v 44.507290 36.428104 -46.229374
v 55.107380 18.467230 -69.514626
v 73.483604 110.860695 -18.393280
v 57.886921 103.699318 -9.008180
v -18.393267 110.860710 73.483597
v -9.008165 103.699326 57.886913
v 48.252823 18.548830 -74.361099
v 39.516521 36.487514 -49.758072
v 77.371605 102.529442 -18.582756
v 60.717766 97.633369 -9.146134
v 48.237095 5.846944 -74.406258
v 39.505074 8.668398 -49.790943
v -18.582737 102.529457 77.371590
v -9.146116 97.633377 60.717743
v 39.540596 64.185150 -49.635513
v 48.285892 56.590069 -74.192780
v 55.914032 96.004890 -26.453630
v 70.773933 100.292801 -42.353680
v 55.101883 56.384293 -69.404716
v 44.503288 64.035324 -46.149353
v 9.765529 97.933914 61.430492
v 7.391407 102.942223 78.350510
v 67.593201 108.032021 -41.700481
v 53.598145 101.639771 -25.978035
v 53.971569 90.197090 -67.574875
v 43.680309 88.654243 -44.817051
v 44.165985 81.219109 -45.584312
v 54.638618 79.985336 -68.628670
v 7.301697 111.361786 74.379120
v 9.700211 104.064163 58.538937
v 56.744987 105.732025 -59.360188
v 45.699623 99.965164 -38.835972
v 48.817650 100.226601 -35.118282
v 61.027439 106.091103 -54.254131
v 47.950798 80.318451 -73.248138
v 39.296616 81.461662 -48.947723
v 38.928261 88.973907 -48.029655
v 47.444878 90.636108 -71.987221
v 31.800652 109.128510 70.062218
v 27.537777 102.438126 55.395828
v 21.849936 103.143173 56.830853
v 23.988705 110.096855 72.033157
v 63.282478 98.899345 -55.536350
v 50.459538 94.990318 -36.051861
v 46.963726 94.818871 -40.100071
v 58.481167 98.663879 -61.096348
v 44.413891 72.916420 -45.988018
v 54.979099 68.582008 -69.183136
v 73.483597 110.860718 15.778073
v 24.298035 101.910316 75.768745
v 22.075159 97.182594 59.550716
v 27.872217 96.622490 57.946495
v 32.259991 101.141052 73.565422
v 64.600327 106.955635 -48.346161
v 51.419060 100.856071 -30.816721
v 16.009785 97.633377 60.717743
v 15.967564 102.529457 77.371590
v 48.202934 68.840889 -73.917610
v 39.480198 73.104912 -49.435162
v 15.871830 103.699326 57.886909
v 15.778090 110.860710 73.483582
v 52.921158 98.899338 -65.897682
v 42.915508 94.990311 -43.595894
v -69.976837 99.496078 46.650288
v -46.565899 95.424805 38.349720
v -41.953987 100.226624 41.981918
v -63.642612 106.091118 51.638920
v 51.638943 106.091103 -63.642628
v 41.981937 100.226601 -41.954002
v -65.897667 98.899361 52.921158
v -43.595879 94.990326 42.915504
v -67.215500 104.746033 48.765903
v -44.555386 98.646461 40.715302
v 44.504208 8.638690 -46.249306
v 53.429569 95.424789 -31.486076
v 67.361664 99.496063 -49.265491
v 55.103149 5.806141 -69.542015
v 45.730968 -106.955635 64.600349
v 39.085285 -108.032021 67.593216
v 32.841682 -101.639771 53.598164
v 37.680367 -100.856071 51.419071
v 46.650307 -99.496078 -69.976822
v 47.478634 -104.097847 -67.215485
v 39.428036 -97.998268 -44.555374
v 38.349735 -95.424805 -46.565887
v 39.738495 -100.292786 70.773956
v 46.650303 -99.496056 67.361679
v 38.349731 -95.424782 53.429585
v 33.317280 -96.004875 55.914043
v 58.481152 -98.663879 58.481182
v 63.282486 -98.899338 52.921188
v 50.459541 -94.990311 42.915535
v 46.963718 -94.818871 46.963737
v -69.459846 -43.789410 55.115814
v -69.404709 -56.384308 55.101894
v -46.149342 -64.035332 44.503300
v -46.189487 -54.865051 44.513428
v 61.027439 -106.091103 51.638969
v 56.744984 -105.732025 56.745007
v 45.699615 -99.965164 45.699638
v 48.817650 -100.226601 41.981956
v 51.638939 -106.091103 61.027466
v 41.981934 -100.226601 48.817677
v -74.192764 -56.590073 48.285900
v -74.270782 -43.952621 48.284271
v -49.692307 -54.983883 39.539417
v -49.635498 -64.185150 39.540607
v 70.062233 -109.128510 31.800669
v 67.593216 -108.031990 39.085308
v 53.598160 -101.639755 32.841702
v 55.395844 -102.438118 27.537794
v 52.921169 -98.899338 63.282490
v 42.915524 -94.990311 50.459549
v -71.987213 -90.636116 47.444889
v -73.248131 -80.318451 47.950802
v -48.947716 -81.461662 39.296619
v -48.029648 -88.973907 38.928265
v 70.773933 -100.292786 39.738506
v 73.565437 -101.141037 32.259998
v 57.946510 -96.622490 27.872229
v 55.914024 -96.004868 33.317295
v -68.628677 -79.985336 54.638630
v -67.574860 -90.197090 53.971577
v -44.817036 -88.654243 43.680317
v -45.584312 -81.219109 44.165997
v -73.917603 -68.840889 48.202946
v -49.435158 -73.104912 39.480206
v 64.600327 -106.955635 45.730995
v 51.419060 -100.856071 37.680389
v 67.361664 -99.496063 46.650322
v 53.429569 -95.424789 38.349751
v 55.098938 6.854924 -69.569397
v 48.221367 6.854924 -74.451424
v 39.493618 0.579772 -49.823830
v 44.501144 0.579773 -46.269253
v -69.183136 -68.582016 54.979115
v -45.988018 -72.916420 44.413902
v -69.569389 6.854944 55.098938
v -69.542007 -5.806144 55.103153
v -46.249302 -7.002091 44.504208
v -46.269234 2.216386 44.501144
v 75.768745 -101.910278 24.298052
v 59.550724 -97.182556 22.075174
v -74.406265 -5.846948 48.237095
v -74.451424 6.854943 48.221367
v -49.823830 2.216386 39.493618
v -49.790951 -7.031801 39.505070
v -61.096329 -98.663902 58.481174
v -55.536343 -98.899323 63.282501
v -36.051853 -94.990311 50.459549
v -40.100056 -94.818893 46.963734
v 72.033157 -110.096832 23.988724
v 56.830864 -103.143166 21.849955
v -74.315926 -31.250731 48.268551
v -49.725178 -45.735695 39.527969
v -54.254116 -106.091103 61.027454
v -59.360161 -105.732025 56.744999
v -38.835957 -99.965164 45.699635
v -35.118267 -100.226601 48.817669
v 74.685280 -111.541786 -1.307568
v 74.379128 -111.361771 7.301716
v 58.538952 -104.064148 9.700229
v 58.761856 -104.195221 3.431851
v -69.487236 -31.128321 55.111595
v -46.209419 -45.646572 44.510361
v -34.415825 -109.128494 70.062241
v -41.700447 -108.032021 67.593216
v -25.978008 -101.639771 53.598164
v -20.674109 -102.438110 55.395847
v 78.350540 -102.942200 7.391428
v 78.682045 -103.092293 -1.307569
v 61.671894 -98.043182 3.431849
v 61.430511 -97.933899 9.765547
v -74.361092 -18.548832 48.252823
v -49.758057 -36.487514 39.516525
v -10.006585 -102.942184 78.350548
v -1.307586 -103.092270 78.682076
v 3.431834 -98.043175 61.671909
v -2.901862 -97.933899 61.430534
v -48.346138 -106.955635 64.600342
v -30.816698 -100.856071 51.419071
v -49.265476 -99.496048 67.361679
v -31.486063 -95.424774 53.429585
v 60.717766 -97.633385 16.009800
v 57.886921 -103.699341 15.871847
v -69.514626 -18.467232 55.107376
v -46.229366 -36.428104 44.507286
v 77.371605 -102.529449 15.967581
v -42.353661 -100.292770 70.773949
v -26.453604 -96.004868 55.914040
v 78.350525 -102.942200 -10.006565
v 61.430508 -97.933899 -2.901846
v -34.875164 -101.141022 73.565460
v -26.913210 -101.910278 75.768761
v -15.211494 -97.182571 59.550743
v -21.008551 -96.622475 57.946522
v 74.379120 -111.361771 -9.916854
v 58.538944 -104.064148 -2.836528
v 55.115807 -43.789429 -69.459839
v 55.111591 -31.128342 -69.487228
v 44.510357 -45.646591 -46.209415
v 44.513424 -54.865070 -46.189480
v -26.603874 -110.096809 72.033173
v -14.986269 -103.143150 56.830879
v 70.062233 -109.128525 -34.415806
v 72.033157 -110.096863 -26.603857
v 56.830864 -103.143173 -14.986254
v 55.395844 -102.438126 -20.674093
v 48.268547 -31.250750 -74.315926
v 48.284275 -43.952641 -74.270767
v 39.539421 -54.983894 -49.692287
v 39.527966 -45.735714 -49.725178
v -1.307586 -111.541756 74.685303
v -9.916873 -111.361755 74.379150
v -2.836545 -104.064140 58.538967
v 3.431834 -104.195198 58.761871
v 75.768745 -101.910286 -26.913193
v 73.565430 -101.141052 -34.875149
v 57.946503 -96.622498 -21.008535
v 59.550724 -97.182571 -15.211480
v 55.107380 -18.467253 -69.514626
v 44.507290 -36.428120 -46.229359
v 73.483604 -110.860695 -18.393246
v 57.886921 -103.699318 -9.008145
v -18.393267 -110.860672 73.483627
v -9.008165 -103.699310 57.886948
v 48.252823 -18.548853 -74.361099
v 39.516521 -36.487530 -49.758057
v 77.371605 -102.529442 -18.582720
v 60.717766 -97.633369 -9.146103
v 48.237095 -5.846968 -74.406258
v 39.505074 -8.668415 -49.790943
v -18.582737 -102.529419 77.371613
v -9.146116 -97.633362 60.717773
v 48.285892 -56.590096 -74.192772
v 39.540596 -64.185165 -49.635494
v 70.773933 -100.292816 -42.353645
v 55.914032 -96.004906 -26.453600
v 55.101883 -56.384319 -69.404701
v 44.503288 -64.035339 -46.149326
v 7.391407 -102.942184 78.350540
v 9.765529 -97.933899 61.430519
v 67.593201 -108.032028 -41.700443
v 53.598145 -101.639786 -25.978001
v 53.971569 -90.197105 -67.574844
v 54.638618 -79.985344 -68.628639
v 44.165985 -81.219131 -45.584290
v 43.680309 -88.654266 -44.817020
v 7.301697 -111.361755 74.379150
v 9.700211 -104.064140 58.538967
v 56.744987 -105.732033 -59.360149
v 61.027439 -106.091118 -54.254093
v 48.817650 -100.226624 -35.118252
v 45.699623 -99.965179 -38.835938
v 47.950798 -80.318474 -73.248116
v 47.444878 -90.636131 -71.987190
v 38.928261 -88.973923 -48.029621
v 39.296616 -81.461685 -48.947701
v 31.800652 -109.128494 70.062248
v 23.988705 -110.096825 72.033188
v 21.849936 -103.143158 56.830883
v 27.537777 -102.438110 55.395859
v 63.282478 -98.899361 -55.536324
v 58.481167 -98.663902 -61.096317
v 46.963726 -94.818893 -40.100040
v 50.459538 -94.990326 -36.051830
v 54.979099 -68.582024 -69.183121
v 44.413891 -72.916428 -45.987999
v 73.483597 -110.860718 15.778109
v 24.298035 -101.910278 75.768768
v 32.259991 -101.141022 73.565453
v 27.872217 -96.622475 57.946522
v 22.075159 -97.182579 59.550747
v 64.600327 -106.955658 -48.346123
v 51.419060 -100.856087 -30.816689
v 15.967564 -102.529419 77.371613
v 16.009785 -97.633362 60.717773
v 48.202934 -68.840919 -73.917595
v 39.480198 -73.104927 -49.435139
v 15.778090 -110.860672 73.483620
v 15.871830 -103.699310 57.886940
v 52.921158 -98.899353 -65.897652
v 42.915508 -94.990318 -43.595863
v -69.976837 -99.496063 46.650322
v -46.565899 -95.424789 38.349751
v -63.642612 -106.091103 51.638954
v -41.953987 -100.226601 41.981945
v 51.638943 -106.091118 -63.642590
v 41.981937 -100.226624 -41.953972
v -65.897667 -98.899345 52.921188
v -43.595879 -94.990318 42.915535
v -67.215500 -104.746017 48.765934
v -44.555386 -98.646454 40.715332
v 44.504208 -8.638705 -46.249306
v 67.361664 -99.496078 -49.265461
v 53.429569 -95.424805 -31.486048
v 55.103149 -5.806164 -69.542015

# UV coordinates
vt 0.202878 0.879559
vt 0.162642 0.829380
vt 0.216843 0.783371
vt 0.255596 0.849150
vt 0.116834 0.784176
vt 0.156476 0.736555
vt 0.288959 0.769104
vt 0.312693 0.829453
vt 0.191563 0.684399
vt 0.250617 0.713787
vt 0.191894 0.945724
vt 0.155831 0.914958
vt 0.236220 0.930292
vt 0.113571 0.870901
vt 0.073619 0.825022
vt 0.046159 0.787560
vt 0.067838 0.747079
vt 0.099791 0.696043
vt 0.139325 0.650185
vt 0.169801 0.616244
vt 0.214807 0.628092
vt 0.273134 0.645225
vt 0.357590 0.771189
vt 0.371557 0.824226
vt 0.343251 0.882389
vt 0.381593 0.864052
vt 0.290232 0.906096
vt 0.193893 0.324955
vt 0.123005 0.386034
vt 0.078122 0.338887
vt 0.150250 0.276286
vt 0.037891 0.287861
vt 0.108223 0.226396
vt 0.235418 0.371449
vt 0.165486 0.430600
vt 0.427324 0.884338
vt 0.434921 0.834986
vt 0.425048 0.780701
vt 0.285941 0.576619
vt 0.219705 0.566159
vt 0.155507 0.571909
vt 0.000000 0.239748
vt 0.068034 0.179123
vt 0.771326 0.885745
vt 0.711817 0.957795
vt 0.658904 0.920396
vt 0.719899 0.846980
vt 0.610220 0.878801
vt 0.668460 0.806065
vt 0.819890 0.923025
vt 0.761578 0.992860
vt 0.099160 0.602710
vt 0.050622 0.648289
vt 0.036893 0.664281
vt 0.009311 0.725620
vt 0.000000 0.790824
vt 0.564262 0.839966
vt 0.618054 0.767250
vt 0.361887 0.518082
vt 0.292061 0.577014
vt 0.243686 0.532084
vt 0.316225 0.470764
vt 0.202455 0.480432
vt 0.274263 0.420292
vt 0.406508 0.562054
vt 0.340139 0.615615
vt 0.184154 0.988556
vt 0.256182 0.985218
vt 0.326985 0.961813
vt 0.386906 0.926208
vt 0.564831 0.732182
vt 0.512067 0.809295
vt 0.455464 0.776780
vt 0.508711 0.697121
vt 0.482575 0.660687
vt 0.420858 0.702382
vt 0.382488 0.656644
vt 0.446404 0.609403
vt 0.020869 0.854875
vt 0.062737 0.913413
vt 0.118469 0.961035
vt 0.516982 0.557846
vt 0.474212 0.508225
vt 0.671783 0.696289
vt 0.617739 0.656138
vt 0.561587 0.612714
vt 0.345485 0.361104
vt 0.305014 0.312843
vt 0.431430 0.460106
vt 0.387940 0.410682
vt 0.726539 0.735916
vt 0.880187 0.853036
vt 0.833627 0.822274
vt 0.785251 0.777348
vt 0.178129 0.164193
vt 0.135647 0.117897
vt 0.264623 0.263985
vt 0.222597 0.212488
vt 0.623226 0.159863
vt 0.682682 0.133973
vt 0.723588 0.195056
vt 0.649672 0.214165
vt 0.729379 0.265915
vt 0.665447 0.272945
vt 0.748909 0.121971
vt 0.811447 0.142948
vt 0.799377 0.204638
vt 0.793735 0.266342
vt 0.550042 0.135609
vt 0.585299 0.114544
vt 0.564187 0.175686
vt 0.584913 0.229941
vt 0.605996 0.285242
vt 0.673682 0.331243
vt 0.626427 0.327498
vt 0.734718 0.329973
vt 0.795410 0.325782
vt 0.854611 0.274756
vt 0.841316 0.318710
vt 0.868106 0.216075
vt 0.872578 0.155693
vt 0.834827 0.086697
vt 0.875028 0.110143
vt 0.781467 0.057568
vt 0.632679 0.086918
vt 0.337961 0.206583
vt 0.299522 0.154220
vt 0.376071 0.097441
vt 0.412016 0.150326
vt 0.259888 0.102553
vt 0.335328 0.047622
vt 0.375331 0.255828
vt 0.446140 0.199569
vt 0.916485 0.088901
vt 0.934548 0.150525
vt 0.936640 0.217075
vt 0.935040 0.238091
vt 0.911170 0.300967
vt 0.871647 0.353657
vt 0.222827 0.052773
vt 0.297122 0.000000
vt 0.885270 0.729389
vt 0.831000 0.694620
vt 0.878730 0.612399
vt 0.931305 0.648320
vt 0.775758 0.660244
vt 0.824798 0.582125
vt 0.937498 0.761231
vt 0.981786 0.681662
vt 0.811600 0.384192
vt 0.740602 0.395979
vt 0.667520 0.390244
vt 0.601613 0.363257
vt 0.723797 0.625184
vt 0.775623 0.553322
vt 0.500260 0.401362
vt 0.459434 0.350735
vt 0.531565 0.290619
vt 0.569970 0.342041
vt 0.416280 0.302145
vt 0.487562 0.243402
vt 0.539414 0.449707
vt 0.604905 0.390063
vt 0.503361 0.117616
vt 0.532886 0.077348
vt 0.578252 0.045943
vt 0.820924 0.000000
vt 0.875156 0.039441
vt 0.675679 0.585214
vt 0.628012 0.541001
vt 0.692119 0.471138
vt 0.734248 0.514544
vt 0.582065 0.495162
vt 0.646700 0.430530
vt 0.553042 0.309965
vt 0.519528 0.243350
vt 0.502334 0.175802
vt 0.893022 0.842048
vt 0.846935 0.809019
vt 0.184160 0.157411
vt 0.148254 0.105323
vt 0.728168 0.527908
vt 0.762476 0.512953
vt 0.767835 0.525834
vt 0.734662 0.541840
vt 0.629363 0.230358
vt 0.681657 0.224038
vt 0.684904 0.232379
vt 0.633492 0.238621
vt 0.716918 0.548784
vt 0.680945 0.559855
vt 0.676301 0.546079
vt 0.711243 0.534498
vt 0.701852 0.507089
vt 0.666264 0.519928
vt 0.661809 0.506795
vt 0.696810 0.493768
vt 0.830545 0.880262
vt 0.765715 0.882975
vt 0.761857 0.855485
vt 0.824932 0.854116
vt 0.712941 0.488197
vt 0.748839 0.476496
vt 0.753240 0.488549
vt 0.717360 0.501493
vt 0.722448 0.514549
vt 0.757548 0.500635
vt 0.846457 0.844279
vt 0.902890 0.809508
vt 0.914483 0.830442
vt 0.855380 0.865507
vt 0.700358 0.443860
vt 0.737139 0.436329
vt 0.740668 0.450534
vt 0.704918 0.459394
vt 0.671220 0.532881
vt 0.706476 0.520560
vt 0.826289 0.782032
vt 0.875784 0.753019
vt 0.884013 0.770458
vt 0.831698 0.800951
vt 0.686827 0.465378
vt 0.652071 0.479826
vt 0.646830 0.465855
vt 0.681620 0.450120
vt 0.812833 0.805474
vt 0.754223 0.806732
vt 0.750963 0.785205
vt 0.808151 0.783859
vt 0.892886 0.789447
vt 0.838547 0.822141
vt 0.708813 0.474263
vt 0.744768 0.463869
vt 0.657292 0.493393
vt 0.691580 0.479997
vt 0.549063 0.000000
vt 0.610632 0.002790
vt 0.604644 0.014949
vt 0.545221 0.019254
vt 0.818619 0.829030
vt 0.757879 0.830260
vt 0.869304 0.942770
vt 0.892784 0.977798
vt 0.894030 0.999999
vt 0.849809 0.942137
vt 0.641493 0.451454
vt 0.676197 0.434164
vt 0.872979 0.918046
vt 0.912176 0.950864
vt 0.902098 0.959926
vt 0.870561 0.934035
vt 0.797706 0.749258
vt 0.743952 0.751824
vt 0.739882 0.737687
vt 0.791495 0.735406
vt 0.695598 0.427690
vt 0.733312 0.421613
vt 0.927889 0.852787
vt 0.865540 0.884277
vt 0.806168 0.726383
vt 0.846661 0.693642
vt 0.853069 0.705790
vt 0.810825 0.737971
vt 0.679898 0.377263
vt 0.721018 0.375549
vt 0.725159 0.391114
vt 0.685318 0.394198
vt 0.833060 0.907846
vt 0.769143 0.914888
vt 0.792085 0.685210
vt 0.827725 0.653986
vt 0.834175 0.667773
vt 0.797118 0.699893
vt 0.665130 0.400835
vt 0.630437 0.421772
vt 0.624702 0.406716
vt 0.659599 0.383857
vt 0.942155 0.878459
vt 0.876024 0.900809
vt 0.754580 0.645453
vt 0.711661 0.648933
vt 0.706558 0.633597
vt 0.748010 0.628915
vt 0.801743 0.713668
vt 0.840452 0.681018
vt 0.735509 0.723548
vt 0.785653 0.721675
vt 0.636033 0.436721
vt 0.627593 0.456434
vt 0.621850 0.441873
vt 0.829956 0.939648
vt 0.773332 0.956703
vt 0.616107 0.427103
vt 0.610360 0.412223
vt 0.670678 0.417670
vt 0.730973 0.709173
vt 0.779783 0.707595
vt 0.618840 0.391652
vt 0.654097 0.366937
vt 0.773749 0.692933
vt 0.726309 0.694486
vt 0.721537 0.679485
vt 0.767507 0.677623
vt 0.674386 0.360421
vt 0.716933 0.359895
vt 0.567132 0.133060
vt 0.523861 0.181318
vt 0.515664 0.160621
vt 0.557026 0.106699
vt 0.786573 0.669792
vt 0.821083 0.639793
vt 0.657565 0.312402
vt 0.704892 0.313632
vt 0.708865 0.328802
vt 0.663173 0.327781
vt 0.574958 0.099948
vt 0.642663 0.110604
vt 0.650361 0.130300
vt 0.585043 0.126122
vt 0.767842 0.621027
vt 0.800581 0.596084
vt 0.807432 0.610733
vt 0.774354 0.637510
vt 0.643513 0.333930
vt 0.606948 0.361825
vt 0.601063 0.347224
vt 0.638546 0.318164
vt 0.507954 0.140256
vt 0.546919 0.080109
vt 0.668797 0.343858
vt 0.712886 0.344269
vt 0.780630 0.653827
vt 0.814296 0.625335
vt 0.564845 0.073478
vt 0.635056 0.091072
vt 0.648714 0.350237
vt 0.612899 0.376661
vt 0.554781 0.046765
vt 0.612786 0.032852
vt 0.761098 0.661746
vt 0.716655 0.664264
vt 0.657997 0.150213
vt 0.595026 0.151649
vt 0.595309 0.332931
vt 0.633835 0.303027
vt 0.577311 0.158895
vt 0.532864 0.202299
vt 0.701359 0.618347
vt 0.741427 0.612315
vt 0.652053 0.297898
vt 0.701019 0.298901
vt 0.607281 0.225797
vt 0.563291 0.261566
vt 0.553063 0.243071
vt 0.597430 0.205853
vt 0.761201 0.604533
vt 0.793831 0.581464
vt 0.638175 0.259895
vt 0.691050 0.257639
vt 0.693982 0.271042
vt 0.642055 0.271760
vt 0.613555 0.197191
vt 0.672000 0.189133
vt 0.677619 0.207217
vt 0.621704 0.215574
vt 0.741070 0.556706
vt 0.774187 0.539019
vt 0.780636 0.552788
vt 0.747731 0.572191
vt 0.625114 0.274120
vt 0.584116 0.305258
vt 0.578379 0.291747
vt 0.621102 0.259418
vt 0.542681 0.223099
vt 0.587437 0.183410
vt 0.690571 0.411070
vt 0.729287 0.406502
vt 0.728666 0.579596
vt 0.690917 0.588444
vt 0.685831 0.573953
vt 0.722652 0.563852
vt 0.646799 0.284355
vt 0.697340 0.284704
vt 0.696121 0.603269
vt 0.734949 0.595814
vt 0.604632 0.175636
vt 0.665324 0.169980
vt 0.787185 0.566988
vt 0.754472 0.588193
vt 0.616992 0.243471
vt 0.572102 0.278221
vt 0.822823 0.765911
vt 0.867602 0.737511
vt 0.860058 0.717990
vt 0.816802 0.748313
vt 0.636138 0.248120
vt 0.688487 0.243866
vt 0.804547 0.764105
vt 0.747542 0.766374
vt 0.818999 0.756035
vt 0.862438 0.726782
vt 0.942284 0.848659
vt 0.927331 0.824629
vt 0.965988 0.887596
vt 0.625619 0.026615
vt 0.655476 0.105604
vt 0.663133 0.125338
vt 0.647988 0.086049
vt 0.670771 0.145387
vt 0.684701 0.185151
vt 0.690173 0.204305
vt 0.678087 0.165443
vt 0.694001 0.223340
vt 0.567863 0.297974
vt 0.561663 0.287718
vt 0.639131 0.484452
vt 0.633350 0.470663
vt 0.644844 0.497768
vt 0.589681 0.318955
vt 0.629371 0.288438
vt 0.604624 0.397286
vt 0.707420 0.683832
vt 0.702262 0.668807
vt 0.598917 0.382347
vt 0.593300 0.367478
vt 0.587857 0.352768
vt 0.582655 0.338304
vt 0.572824 0.310592
vt 0.577668 0.324183
vt 0.886975 0.746711
vt 0.876600 0.730249
vt 0.733457 0.765483
vt 0.731869 0.753598
vt 0.915437 0.803653
vt 0.896053 0.764674
vt 0.905274 0.783730
vt 0.727762 0.740693
vt 0.717792 0.713074
vt 0.712600 0.698623
vt 0.722907 0.727127
vt 0.697122 0.653669
vt 0.692002 0.638513
vt 0.686926 0.623393
vt 0.677040 0.593487
vt 0.672387 0.578860
vt 0.681916 0.608360
vt 0.668032 0.564556
vt 0.659521 0.537313
vt 0.654657 0.524116
vt 0.663927 0.550660
vt 0.537002 0.053298
vt 0.527176 0.026401
vt 0.485291 0.080286
vt 0.477988 0.060677
vt 0.649975 0.510854
vt 0.392667 0.453205
vt 0.400310 0.466622
vt 0.368272 0.484938
vt 0.360973 0.473386
vt 0.185798 0.216944
vt 0.190812 0.224708
vt 0.159313 0.265797
vt 0.153758 0.258737
vt 0.416115 0.456099
vt 0.407779 0.442891
vt 0.437925 0.421737
vt 0.446241 0.433925
vt 0.389809 0.419344
vt 0.381047 0.407691
vt 0.410187 0.384062
vt 0.420203 0.395958
vt 0.622739 0.739204
vt 0.604335 0.719833
vt 0.641133 0.668570
vt 0.661595 0.687214
vt 0.367707 0.418614
vt 0.376655 0.429464
vt 0.346324 0.452801
vt 0.338682 0.443048
vt 0.384849 0.440895
vt 0.353792 0.462688
vt 0.584061 0.732050
vt 0.596550 0.751405
vt 0.534257 0.780382
vt 0.523495 0.758950
vt 0.335445 0.385434
vt 0.346803 0.397077
vt 0.320888 0.423351
vt 0.310471 0.413383
vt 0.398826 0.430799
vt 0.429134 0.408688
vt 0.544126 0.680192
vt 0.556658 0.695370
vt 0.501909 0.721205
vt 0.492176 0.704497
vt 0.361023 0.384495
vt 0.350139 0.372369
vt 0.380526 0.349684
vt 0.390175 0.361056
vt 0.571072 0.682384
vt 0.555919 0.666292
vt 0.589536 0.620003
vt 0.605357 0.634824
vt 0.570262 0.713010
vt 0.512571 0.739313
vt 0.357812 0.407902
vt 0.330183 0.433366
vt 0.371654 0.395938
vt 0.399826 0.372219
vt 0.029298 0.029707
vt 0.047785 0.036321
vt 0.013509 0.085082
vt 0.000000 0.083955
vt 0.587214 0.700467
vt 0.622626 0.651091
vt 0.652552 0.806429
vt 0.662997 0.789952
vt 0.685901 0.859080
vt 0.668263 0.845548
vt 0.338834 0.359728
vt 0.370692 0.337992
vt 0.630049 0.795544
vt 0.644625 0.802548
vt 0.648238 0.843174
vt 0.635078 0.846409
vt 0.533389 0.638064
vt 0.525546 0.625076
vt 0.556914 0.584012
vt 0.566169 0.595373
vt 0.323647 0.373305
vt 0.299630 0.402886
vt 0.606324 0.770385
vt 0.545177 0.804103
vt 0.509758 0.631986
vt 0.516631 0.642425
vt 0.466126 0.658786
vt 0.459770 0.646528
vt 0.287467 0.334659
vt 0.299513 0.347785
vt 0.277105 0.380796
vt 0.265581 0.369469
vt 0.644090 0.756812
vt 0.685963 0.707978
vt 0.484009 0.596849
vt 0.493172 0.609400
vt 0.445616 0.621354
vt 0.437982 0.608088
vt 0.315266 0.333578
vt 0.303263 0.320345
vt 0.340376 0.301395
vt 0.350534 0.313795
vt 0.614089 0.788353
vt 0.558374 0.830406
vt 0.473043 0.543278
vt 0.463339 0.528362
vt 0.491152 0.497331
vt 0.500679 0.510289
vt 0.501838 0.621084
vt 0.452922 0.634154
vt 0.517606 0.612450
vt 0.547844 0.572393
vt 0.360670 0.326011
vt 0.372137 0.316215
vt 0.381797 0.328279
vt 0.672115 0.772139
vt 0.718096 0.734933
vt 0.352282 0.291686
vt 0.362261 0.303993
vt 0.327169 0.346749
vt 0.509412 0.599591
vt 0.538691 0.560497
vt 0.291327 0.307150
vt 0.330284 0.288868
vt 0.500852 0.586253
vt 0.491898 0.572361
vt 0.519876 0.535840
vt 0.529372 0.548308
vt 0.275572 0.321480
vt 0.253961 0.358108
vt 0.134075 0.113668
vt 0.116667 0.091454
vt 0.184151 0.083654
vt 0.197670 0.101274
vt 0.474536 0.583466
vt 0.430144 0.594416
vt 0.242356 0.282839
vt 0.252862 0.295422
vt 0.230903 0.335497
vt 0.219697 0.324400
vt 0.101660 0.103370
vt 0.118928 0.125480
vt 0.089009 0.183727
vt 0.076036 0.166978
vt 0.445458 0.539966
vt 0.455155 0.554839
vt 0.414205 0.566345
vt 0.406199 0.552206
vt 0.268036 0.281492
vt 0.256896 0.269288
vt 0.300838 0.251426
vt 0.310479 0.263782
vt 0.099072 0.069111
vt 0.170672 0.066603
vt 0.263986 0.308354
vt 0.242361 0.346764
vt 0.464881 0.569400
vt 0.422197 0.580460
vt 0.084164 0.081075
vt 0.063173 0.150389
vt 0.279547 0.294152
vt 0.320305 0.276298
vt 0.066446 0.058688
vt 0.024670 0.101287
vt 0.482598 0.557993
vt 0.510282 0.523147
vt 0.135708 0.147159
vt 0.102218 0.200528
vt 0.246189 0.257607
vt 0.291411 0.239326
vt 0.151007 0.135660
vt 0.211028 0.119709
vt 0.453617 0.513370
vt 0.481765 0.484341
vt 0.232580 0.270765
vt 0.208839 0.313594
vt 0.193120 0.195614
vt 0.181011 0.176971
vt 0.235635 0.157771
vt 0.246273 0.175910
vt 0.435850 0.524961
vt 0.398199 0.538167
vt 0.206765 0.239561
vt 0.215041 0.248921
vt 0.188201 0.293362
vt 0.178062 0.284001
vt 0.165333 0.186412
vt 0.176979 0.202814
vt 0.141298 0.246652
vt 0.128572 0.232550
vt 0.408654 0.480584
vt 0.417357 0.495096
vt 0.382611 0.510734
vt 0.375240 0.497564
vt 0.225651 0.235495
vt 0.215016 0.224595
vt 0.264516 0.204083
vt 0.273233 0.215814
vt 0.166853 0.156912
vt 0.223824 0.138722
vt 0.311618 0.360714
vt 0.288476 0.391979
vt 0.434371 0.483892
vt 0.425048 0.469727
vt 0.454759 0.446165
vt 0.463541 0.458664
vt 0.223521 0.259388
vt 0.198362 0.303210
vt 0.443930 0.498492
vt 0.472553 0.471418
vt 0.151379 0.167709
vt 0.115482 0.216981
vt 0.426450 0.509949
vt 0.390299 0.524310
vt 0.203373 0.212966
vt 0.256072 0.191875
vt 0.532812 0.668188
vt 0.484021 0.688915
vt 0.521742 0.653229
vt 0.472207 0.671543
vt 0.197651 0.231820
vt 0.167428 0.274757
vt 0.541703 0.652126
vt 0.576044 0.606565
vt 0.526850 0.659429
vt 0.478104 0.678535
vt 0.533657 0.813678
vt 0.522210 0.787715
vt 0.552525 0.855272
vt 0.012716 0.109078
vt 0.078194 0.192142
vt 0.065161 0.175400
vt 0.052211 0.158893
vt 0.091526 0.209025
vt 0.132388 0.255965
vt 0.118658 0.241436
vt 0.105053 0.225627
vt 0.146868 0.269004
vt 0.269493 0.187628
vt 0.275195 0.198141
vt 0.391089 0.340049
vt 0.399850 0.351255
vt 0.408160 0.361233
vt 0.235847 0.246400
vt 0.282211 0.227479
vt 0.342249 0.279348
vt 0.522289 0.514005
vt 0.531553 0.526796
vt 0.322199 0.254791
vt 0.332209 0.267020
vt 0.302414 0.231082
vt 0.312254 0.242778
vt 0.283534 0.208752
vt 0.292775 0.219730
vt 0.480637 0.710145
vt 0.472936 0.692208
vt 0.574530 0.586470
vt 0.583372 0.594537
vt 0.511577 0.766000
vt 0.490325 0.727858
vt 0.500852 0.746300
vt 0.566308 0.575783
vt 0.540632 0.539462
vt 0.549444 0.551934
vt 0.557992 0.564107
vt 0.503582 0.488305
vt 0.512940 0.501155
vt 0.494241 0.475514
vt 0.466779 0.438424
vt 0.475774 0.450418
vt 0.484957 0.462842
vt 0.458194 0.427086
vt 0.025626 0.019756
vt 0.025626 0.006330
vt 0.035854 0.005381
vt 0.036905 0.019043
vt 0.450680 0.416496
vt 0.046343 0.002930
vt 0.048321 0.017109
vt 0.081199 0.046801
vt 0.063210 0.024519
vt 0.130964 0.016363
vt 0.117929 0.000000
vt 0.014346 0.019043
vt 0.015397 0.005381
vt 0.002930 0.017109
vt 0.004908 0.002930

# vertex normals
vn 0.336194 0.879743 -0.336194
vn 0.000000 0.934476 -0.356027
vn -0.000000 1.000000 -0.000000
vn 0.356027 0.934476 -0.000000
vn -0.336194 0.879743 -0.336194
vn -0.356027 0.934476 -0.000000
vn -0.000000 0.934476 0.356027
vn 0.336194 0.879743 0.336193
vn -0.336193 0.879743 0.336193
vn 0.577350 0.577350 -0.577350
vn 0.315684 0.670948 -0.670949
vn 0.670948 0.670949 -0.315684
vn 0.000000 0.707107 -0.707107
vn -0.315684 0.670948 -0.670949
vn -0.577350 0.577350 -0.577350
vn -0.670949 0.670948 -0.315684
vn -0.707107 0.707107 -0.000000
vn -0.670948 0.670949 0.315684
vn -0.577350 0.577350 0.577350
vn -0.315684 0.670949 0.670948
vn -0.000000 0.707107 0.707107
vn 0.315684 0.670949 0.670948
vn 0.670949 0.670948 0.315684
vn 0.577350 0.577350 0.577350
vn 0.707107 0.707107 -0.000000
vn 0.352495 0.004812 0.935801
vn 0.341428 0.255688 0.904461
vn -0.000000 0.279308 0.960202
vn -0.000000 0.007242 0.999974
vn -0.341428 0.255688 0.904461
vn -0.352495 0.004812 0.935801
vn 0.707105 0.002373 0.707105
vn 0.688219 0.229584 0.688219
vn -0.688219 0.229584 0.688219
vn -0.707105 0.002373 0.707105
vn -0.935801 0.004812 0.352495
vn -0.904461 0.255688 0.341428
vn -0.960202 0.279308 -0.000000
vn -0.999974 0.007242 -0.000000
vn -0.904461 0.255688 -0.341428
vn -0.935801 0.004812 -0.352495
vn -0.688219 0.229584 -0.688219
vn -0.707105 0.002373 -0.707105
vn 0.935801 0.004812 -0.352495
vn 0.904461 0.255688 -0.341428
vn 0.960202 0.279308 0.000000
vn 0.999974 0.007242 0.000000
vn 0.904461 0.255688 0.341428
vn 0.935801 0.004812 0.352495
vn 0.707105 0.002373 -0.707105
vn 0.688219 0.229584 -0.688219
vn -0.352495 0.004812 -0.935801
vn -0.341428 0.255688 -0.904461
vn 0.000000 0.279308 -0.960202
vn 0.000000 0.007242 -0.999974
vn 0.341428 0.255688 -0.904461
vn 0.352495 0.004812 -0.935801
vn 0.353827 -0.000000 -0.935311
vn 0.707107 -0.000000 -0.707107
vn -0.707107 -0.000000 -0.707107
vn -0.353827 -0.000000 -0.935311
vn 0.000000 -0.000000 -1.000000
vn 0.935311 0.000000 0.353827
vn 0.707107 0.000000 0.707107
vn 0.935311 -0.000000 -0.353827
vn 1.000000 -0.000000 0.000000
vn -0.935311 -0.000000 -0.353827
vn -0.707107 0.000000 0.707107
vn -0.935311 0.000000 0.353827
vn -1.000000 -0.000000 -0.000000
vn -0.353827 0.000000 0.935311
vn 0.353827 0.000000 0.935311
vn 0.000000 0.000000 1.000000
vn 0.336194 -0.879743 -0.336194
vn 0.356027 -0.934476 0.000000
vn -0.000000 -1.000000 0.000000
vn 0.000000 -0.934476 -0.356027
vn -0.356027 -0.934476 0.000000
vn -0.336194 -0.879743 -0.336193
vn 0.336194 -0.879743 0.336194
vn -0.000000 -0.934476 0.356027
vn -0.336193 -0.879743 0.336194
vn 0.577350 -0.577350 -0.577350
vn 0.670948 -0.670949 -0.315684
vn 0.315684 -0.670949 -0.670948
vn 0.000000 -0.707107 -0.707107
vn -0.315684 -0.670949 -0.670948
vn -0.670949 -0.670948 -0.315684
vn -0.577350 -0.577350 -0.577350
vn -0.707107 -0.707107 0.000000
vn -0.670948 -0.670949 0.315684
vn -0.315684 -0.670948 0.670949
vn -0.577350 -0.577350 0.577350
vn -0.000000 -0.707107 0.707107
vn 0.315684 -0.670948 0.670949
vn 0.670949 -0.670948 0.315684
vn 0.577350 -0.577350 0.577350
vn 0.707107 -0.707107 0.000000
vn 0.352495 -0.004812 0.935801
vn -0.000000 -0.007242 0.999974
vn -0.000000 -0.279308 0.960202
vn 0.341428 -0.255688 0.904461
vn -0.352495 -0.004812 0.935801
vn -0.341428 -0.255688 0.904461
vn 0.707105 -0.002373 0.707105
vn 0.688219 -0.229584 0.688219
vn -0.688219 -0.229584 0.688219
vn -0.707105 -0.002373 0.707105
vn -0.935801 -0.004812 0.352495
vn -0.999974 -0.007242 -0.000000
vn -0.960202 -0.279308 -0.000000
vn -0.904461 -0.255688 0.341428
vn -0.935801 -0.004812 -0.352495
vn -0.904461 -0.255688 -0.341428
vn -0.688219 -0.229584 -0.688219
vn -0.707105 -0.002373 -0.707105
vn 0.935801 -0.004812 -0.352495
vn 0.999974 -0.007242 0.000000
vn 0.960202 -0.279308 0.000000
vn 0.904461 -0.255688 -0.341428
vn 0.935801 -0.004812 0.352495
vn 0.904461 -0.255688 0.341428
vn 0.707105 -0.002373 -0.707105
vn 0.688219 -0.229584 -0.688219
vn -0.352495 -0.004812 -0.935801
vn 0.000000 -0.007242 -0.999974
vn 0.000000 -0.279308 -0.960201
vn -0.341428 -0.255688 -0.904461
vn 0.352495 -0.004812 -0.935801
vn 0.341428 -0.255688 -0.904461
vn -0.061899 0.919675 -0.387770
vn -0.061544 0.919619 -0.387961
vn -0.018487 0.912545 -0.408558
vn -0.018209 0.912504 -0.408663
vn -0.940081 0.169564 -0.295796
vn -0.933830 0.219158 -0.282719
vn -0.891524 0.390058 -0.230301
vn 0.008195 -0.961705 0.273964
vn 0.008644 -0.961752 0.273784
vn 0.043951 -0.965675 0.256007
vn 0.043857 -0.965665 0.256060
vn 0.162455 -0.973250 0.162456
vn 0.162455 -0.973250 0.162456
vn 0.220018 -0.970637 0.097241
vn 0.219886 -0.970649 0.097415
vn 0.415028 -0.001057 0.909808
vn 0.414987 -0.000955 0.909827
vn 0.414533 0.000648 0.910034
vn 0.414662 0.000175 0.909975
vn -0.337151 0.931108 -0.139168
vn -0.337753 0.931012 -0.138350
vn -0.244898 0.938110 -0.244897
vn -0.244898 0.938110 -0.244897
vn -0.139169 0.931108 -0.337151
vn -0.138350 0.931012 -0.337752
vn -0.335968 0.001778 -0.941872
vn -0.335914 0.001582 -0.941891
vn -0.336107 0.002257 -0.941821
vn -0.336123 0.002299 -0.941815
vn -0.415571 0.909558 0.002259
vn -0.415478 0.909601 0.001871
vn -0.408558 0.912545 -0.018485
vn -0.408663 0.912504 -0.018208
vn 0.097241 -0.970637 0.220019
vn 0.097416 -0.970649 0.219886
vn -0.335356 -0.006669 -0.942068
vn -0.335370 -0.006909 -0.942061
vn -0.335350 -0.003355 -0.942087
vn -0.335366 -0.002988 -0.942083
vn 0.273964 -0.961705 0.008195
vn 0.273784 -0.961752 0.008644
vn 0.280361 -0.959847 -0.009532
vn 0.280467 -0.959812 -0.009945
vn 0.413195 0.011542 0.910569
vn 0.413153 0.012397 0.910577
vn 0.413266 0.023951 0.910295
vn 0.413223 0.023027 0.910339
vn -0.335600 -0.000131 -0.942005
vn -0.335646 0.000169 -0.941988
vn -0.387769 0.919676 -0.061902
vn -0.387960 0.919619 -0.061546
vn 0.256007 -0.965675 0.043951
vn 0.256060 -0.965665 0.043857
vn -0.140212 -0.970219 0.197524
vn 0.413895 0.003998 0.910316
vn 0.413783 0.004716 0.910363
vn 0.414221 -0.001199 0.910175
vn 0.414342 -0.000902 0.910121
vn 0.414335 -0.000920 0.910124
vn 0.281823 -0.959336 -0.015810
vn 0.281843 -0.959328 -0.015976
vn -0.334655 0.001809 -0.942339
vn -0.334669 0.001774 -0.942334
vn -0.334427 0.002356 -0.942419
vn -0.120335 -0.986620 0.110006
vn -0.112420 -0.985870 0.124185
vn -0.067910 -0.978433 0.195082
vn -0.077011 -0.980310 0.181827
vn -0.417024 0.908848 0.009294
vn -0.416998 0.908862 0.009064
vn 0.147991 -0.983394 -0.105051
vn -0.336148 0.002360 -0.941806
vn -0.336148 0.002361 -0.941806
vn 0.111604 0.952699 -0.282681
vn 0.096594 0.947808 -0.303857
vn 0.169577 0.967066 -0.189810
vn 0.183176 0.969037 -0.165570
vn -0.419093 0.907943 -0.000660
vn -0.418755 0.908099 0.000715
vn -0.417515 0.908641 0.007259
vn -0.417612 0.908602 0.006497
vn 0.415084 -0.001201 0.909782
vn 0.415084 -0.001200 0.909782
vn -0.000644 0.909580 -0.415528
vn -0.002972 0.908750 -0.417331
vn 0.011851 0.914510 -0.404390
vn 0.017880 0.916903 -0.398709
vn 0.282615 -0.959189 -0.009291
vn 0.282466 -0.959221 -0.010420
vn 0.284306 -0.958733 -0.000985
vn 0.284791 -0.958589 0.000909
vn -0.335763 0.002012 -0.941944
vn -0.335282 0.001576 -0.942117
vn 0.010101 -0.957665 0.287709
vn 0.008669 -0.957843 0.287161
vn -0.000985 -0.958733 0.284305
vn 0.000909 -0.958589 0.284790
vn 0.053425 0.931434 -0.359967
vn 0.043056 0.927297 -0.371843
vn -0.030139 -0.969121 0.244737
vn -0.037855 -0.971142 0.235481
vn -0.893354 -0.419759 -0.160380
vn -0.880672 -0.409884 -0.237511
vn -0.880946 -0.410104 -0.236112
vn -0.893486 -0.419858 -0.159381
vn 0.414648 -0.000799 0.909982
vn 0.414893 -0.001025 0.909870
vn -0.904117 -0.427285 0.000001
vn -0.901300 -0.425434 -0.081635
vn -0.901339 -0.425460 -0.081066
vn -0.904117 -0.427285 0.000001
vn 0.281985 -0.959296 -0.015347
vn 0.281983 -0.959292 -0.015669
vn -0.004159 -0.961968 0.273130
vn -0.009252 -0.963352 0.268081
vn 0.287162 -0.957843 0.008670
vn 0.287710 -0.957664 0.010102
vn 0.007234 -0.958851 0.283818
vn 0.009354 -0.958319 0.285546
vn 0.014316 -0.957120 0.289339
vn 0.013717 -0.957247 0.288945
vn -0.421016 0.907026 -0.007040
vn -0.420661 0.907198 -0.006069
vn 0.909808 -0.001057 0.415027
vn 0.909827 -0.000954 0.414987
vn 0.909782 -0.001200 0.415084
vn 0.909782 -0.001201 0.415084
vn -0.007741 0.907105 -0.420834
vn -0.008514 0.906873 -0.421318
vn -0.415529 0.909580 -0.000646
vn -0.417331 0.908750 -0.002973
vn -0.421319 0.906873 -0.008513
vn -0.420835 0.907104 -0.007741
vn -0.941806 0.002361 -0.336148
vn -0.941806 0.002361 -0.336148
vn -0.941821 0.002257 -0.336107
vn -0.941815 0.002300 -0.336123
vn -0.000660 0.907943 -0.419093
vn 0.000715 0.908099 -0.418755
vn -0.006067 0.907198 -0.420661
vn -0.007038 0.907026 -0.421016
vn 0.288944 -0.957248 0.013717
vn 0.289338 -0.957120 0.014315
vn 0.285545 -0.958320 0.009353
vn 0.283817 -0.958851 0.007233
vn 0.909866 -0.001033 0.414901
vn 0.909973 -0.000817 0.414667
vn -0.421964 0.906563 -0.009484
vn -0.421886 0.906601 -0.009326
vn -0.009485 0.906563 -0.421965
vn -0.009326 0.906601 -0.421887
vn -0.942103 0.001610 -0.335319
vn -0.941938 0.002027 -0.335780
vn 0.289554 -0.957052 0.014455
vn 0.289310 -0.957133 0.013981
vn -0.942307 0.001855 -0.334745
vn -0.942297 0.001779 -0.334772
vn 0.014455 -0.957052 0.289555
vn 0.013981 -0.957133 0.289310
vn -0.941891 0.001582 -0.335914
vn -0.941872 0.001778 -0.335968
vn 0.273131 -0.961968 -0.004160
vn 0.268081 -0.963352 -0.009252
vn 0.909975 0.000175 0.414662
vn 0.910034 0.000648 0.414533
vn -0.010421 -0.959221 0.282466
vn -0.009291 -0.959189 0.282615
vn -0.398709 0.916903 0.017880
vn -0.404390 0.914510 0.011850
vn 0.910339 0.023028 0.413223
vn 0.910295 0.023951 0.413266
vn 0.910577 0.012397 0.413153
vn 0.910569 0.011542 0.413195
vn 0.006496 0.908602 -0.417612
vn 0.007259 0.908641 -0.417515
vn -0.165570 0.969037 0.183175
vn -0.189810 0.967066 0.169576
vn -0.303856 0.947809 0.096593
vn -0.282680 0.952699 0.111604
vn -0.942083 -0.002988 -0.335366
vn -0.942087 -0.003355 -0.335351
vn -0.942061 -0.006909 -0.335371
vn -0.942068 -0.006669 -0.335356
vn 0.002257 0.909558 -0.415570
vn 0.001868 0.909602 -0.415477
vn 0.009065 0.908862 -0.416998
vn 0.009294 0.908848 -0.417023
vn 0.181828 -0.980310 -0.077008
vn 0.195083 -0.978433 -0.067909
vn 0.124186 -0.985870 -0.112418
vn 0.110006 -0.986620 -0.120334
vn 0.910363 0.004716 0.413783
vn 0.910316 0.003997 0.413895
vn -0.417204 0.908756 0.010178
vn -0.417203 0.908755 0.010304
vn -0.015976 -0.959327 0.281844
vn -0.015811 -0.959336 0.281823
vn -0.009532 -0.959847 0.280361
vn -0.009946 -0.959812 0.280467
vn -0.359966 0.931434 0.053426
vn -0.371842 0.927297 0.043057
vn -0.015669 -0.959292 0.281983
vn -0.015348 -0.959296 0.281985
vn -0.941988 0.000169 -0.335646
vn -0.942005 -0.000131 -0.335600
vn 0.010304 0.908755 -0.417202
vn 0.010179 0.908756 -0.417203
vn 0.909985 0.030137 0.413545
vn -0.335456 -0.008364 -0.942019
vn 0.077578 -0.987353 -0.138256
vn 0.213242 0.970721 -0.110580
vn -0.369042 0.924021 0.099968
vn -0.303672 0.943768 0.130713
vn -0.138257 -0.987353 0.077580
vn -0.108633 0.666101 -0.737908
vn -0.079180 0.716171 -0.693419
vn -0.174980 0.535572 -0.826162
vn -0.539824 0.841699 0.011525
vn -0.006370 0.821110 -0.570734
vn 0.815706 -0.001878 -0.578464
vn 0.815977 -0.001233 -0.578083
vn 0.815976 -0.001236 -0.578084
vn 0.817043 -0.001883 -0.576573
vn 0.817048 -0.001884 -0.576567
vn 0.817599 -0.003254 -0.575779
vn 0.817593 -0.003225 -0.575788
vn 0.816511 -0.001233 -0.577329
vn 0.816513 -0.001239 -0.577325
vn -0.578463 -0.001878 0.815706
vn -0.578084 -0.001253 0.815976
vn -0.578082 -0.001250 0.815978
vn -0.576568 -0.001884 0.817047
vn -0.576574 -0.001884 0.817043
vn -0.575789 -0.003225 0.817592
vn -0.575780 -0.003254 0.817598
vn -0.577325 -0.001256 0.816513
vn -0.577329 -0.001250 0.816510
vn -0.574791 -0.012907 0.818198
vn -0.574775 -0.013132 0.818206
vn -0.568347 -0.091866 0.817645
vn -0.568461 -0.090701 0.817695
vn -0.558976 -0.174028 0.810716
vn -0.558696 -0.176126 0.810455
vn -0.572811 -0.040268 0.818698
vn -0.572855 -0.039695 0.818695
vn -0.566106 -0.302639 0.766768
vn -0.539647 -0.278048 0.794651
vn -0.667257 -0.330964 0.667256
vn -0.667257 -0.330964 0.667257
vn -0.584581 -0.339975 0.736670
vn -0.519383 -0.354095 0.777726
vn -0.862563 -0.395490 -0.315553
vn -0.836768 -0.376846 -0.397248
vn -0.837586 -0.377400 -0.394992
vn -0.863061 -0.395883 -0.313690
vn -0.799023 -0.355987 -0.484597
vn -0.800194 -0.356538 -0.482254
vn 0.244737 -0.969121 -0.030140
vn 0.235481 -0.971141 -0.037855
vn -0.901300 -0.425434 0.081636
vn -0.901339 -0.425460 0.081066
vn 0.160380 -0.419759 -0.893353
vn 0.237511 -0.409886 -0.880672
vn 0.236112 -0.410105 -0.880945
vn 0.159381 -0.419858 -0.893486
vn -0.880672 -0.409885 0.237510
vn -0.893353 -0.419760 0.160379
vn -0.893486 -0.419858 0.159380
vn -0.880946 -0.410104 0.236112
vn -0.836768 -0.376847 0.397248
vn -0.862563 -0.395490 0.315552
vn -0.863062 -0.395883 0.313690
vn -0.837586 -0.377400 0.394992
vn -0.743525 -0.338180 0.576892
vn -0.744723 -0.338445 0.575190
vn -0.799023 -0.355987 0.484598
vn -0.800194 -0.356538 0.482255
vn 0.810715 -0.174029 -0.558976
vn 0.810455 -0.176126 -0.558697
vn 0.776959 -0.218444 -0.590438
vn 0.750570 -0.253801 -0.610106
vn 0.667256 -0.330965 -0.667257
vn 0.717493 -0.284734 -0.635712
vn 0.667256 -0.330965 -0.667257
vn 0.727638 -0.203296 -0.655144
vn 0.818207 -0.013132 -0.574774
vn 0.818199 -0.012907 -0.574791
vn 0.817695 -0.090702 -0.568461
vn 0.817645 -0.091867 -0.568347
vn 0.818695 -0.039694 -0.572855
vn 0.818698 -0.040268 -0.572811
vn 0.576892 -0.338181 -0.743525
vn 0.575189 -0.338445 -0.744723
vn 0.315554 -0.395491 -0.862562
vn 0.397248 -0.376846 -0.836768
vn 0.394992 -0.377400 -0.837586
vn 0.313691 -0.395885 -0.863060
vn 0.484597 -0.355987 -0.799024
vn 0.482254 -0.356537 -0.800195
vn -0.000000 -0.427285 -0.904117
vn 0.081635 -0.425435 -0.901299
vn 0.081065 -0.425461 -0.901339
vn -0.000001 -0.427285 -0.904117
vn 0.413545 0.030135 0.909985
vn -0.081635 -0.425434 -0.901300
vn -0.081066 -0.425460 -0.901339
vn -0.315554 -0.395491 -0.862562
vn -0.237511 -0.409886 -0.880672
vn -0.236112 -0.410105 -0.880945
vn -0.313691 -0.395885 -0.863060
vn -0.160379 -0.419760 -0.893353
vn -0.159380 -0.419858 -0.893486
vn -0.397247 -0.376848 -0.836768
vn -0.394991 -0.377401 -0.837586
vn -0.667256 -0.330965 -0.667257
vn -0.576892 -0.338181 -0.743525
vn -0.575189 -0.338446 -0.744722
vn -0.484597 -0.355987 -0.799024
vn -0.482254 -0.356538 -0.800195
vn 0.576892 0.338181 0.743525
vn 0.575190 0.338445 0.744722
vn 0.482255 0.356538 0.800194
vn 0.484598 0.355987 0.799023
vn 0.394992 0.377401 0.837586
vn 0.397248 0.376847 0.836768
vn 0.667256 0.330965 0.667257
vn 0.313691 0.395884 0.863061
vn 0.315554 0.395490 0.862562
vn 0.237511 0.409885 0.880672
vn 0.236112 0.410105 0.880946
vn 0.159380 0.419858 0.893486
vn 0.160380 0.419759 0.893354
vn 0.081066 0.425459 0.901339
vn 0.081636 0.425433 0.901300
vn 0.000001 0.427285 0.904117
vn 0.000001 0.427285 0.904117
vn -0.081636 0.425435 0.901300
vn -0.081066 0.425461 0.901339
vn -0.159381 0.419858 0.893486
vn -0.160381 0.419759 0.893353
vn -0.236112 0.410104 0.880946
vn -0.237511 0.409885 0.880672
vn -0.313691 0.395884 0.863061
vn -0.315554 0.395491 0.862562
vn -0.397248 0.376847 0.836768
vn -0.394992 0.377400 0.837586
vn -0.482254 0.356538 0.800195
vn -0.484597 0.355987 0.799024
vn -0.575189 0.338446 0.744722
vn -0.576892 0.338181 0.743525
vn -0.667256 0.330965 0.667256
vn -0.667256 0.330965 0.667256
vn -0.818199 0.012907 0.574791
vn -0.818695 0.039694 0.572855
vn -0.818698 0.040268 0.572811
vn -0.818207 0.013132 0.574774
vn -0.817695 0.090702 0.568461
vn -0.817645 0.091866 0.568346
vn -0.810716 0.174028 0.558976
vn -0.810456 0.176126 0.558696
vn -0.817593 0.003225 0.575788
vn -0.817599 0.003255 0.575779
vn -0.757127 0.272499 0.593720
vn -0.727548 0.301426 0.616292
vn -0.750553 0.261981 0.606660
vn -0.781844 0.241509 0.574799
vn 0.743525 0.338181 -0.576892
vn 0.744722 0.338446 -0.575190
vn 0.800194 0.356538 -0.482255
vn 0.799023 0.355987 -0.484598
vn 0.837586 0.377400 -0.394992
vn 0.836768 0.376847 -0.397248
vn 0.667256 0.330964 -0.667257
vn 0.667256 0.330964 -0.667257
vn 0.863061 0.395883 -0.313690
vn 0.862562 0.395490 -0.315553
vn 0.880672 0.409885 -0.237510
vn 0.880946 0.410104 -0.236112
vn 0.893486 0.419858 -0.159380
vn 0.893353 0.419760 -0.160379
vn 0.901339 0.425460 -0.081066
vn 0.901300 0.425434 -0.081636
vn 0.904117 0.427285 -0.000000
vn 0.904117 0.427285 -0.000000
vn 0.901300 0.425434 0.081635
vn 0.901339 0.425460 0.081065
vn 0.893486 0.419858 0.159381
vn 0.893353 0.419760 0.160380
vn 0.880946 0.410105 0.236112
vn 0.880672 0.409885 0.237511
vn 0.863061 0.395883 0.313690
vn 0.862563 0.395490 0.315553
vn 0.836768 0.376847 0.397247
vn 0.837586 0.377400 0.394992
vn 0.800195 0.356538 0.482254
vn 0.799024 0.355987 0.484597
vn 0.744722 0.338446 0.575190
vn 0.743524 0.338182 0.576892
vn 0.539799 0.282128 -0.793108
vn 0.522982 0.350584 -0.776904
vn 0.581110 0.339603 -0.739581
vn 0.567208 0.301467 -0.766416
vn 0.558696 0.176126 -0.810455
vn 0.558976 0.174028 -0.810716
vn 0.574775 0.013132 -0.818206
vn 0.572812 0.040268 -0.818697
vn 0.572856 0.039695 -0.818695
vn 0.574792 0.012907 -0.818198
vn 0.568347 0.091866 -0.817644
vn 0.568462 0.090702 -0.817695
vn 0.575780 0.003254 -0.817598
vn 0.575789 0.003225 -0.817592
vn 0.578085 0.001879 -0.815974
vn 0.577328 0.001881 -0.816510
vn 0.577332 0.001881 -0.816507
vn 0.578087 0.001879 -0.815973
vn 0.576568 0.001884 -0.817047
vn 0.576574 0.001884 -0.817043
vn 0.578463 0.001879 -0.815707
vn -0.815973 0.001880 0.578087
vn -0.816508 0.001882 0.577332
vn -0.816510 0.001882 0.577328
vn -0.815974 0.001880 0.578086
vn -0.817043 0.001884 0.576573
vn -0.817048 0.001884 0.576567
vn -0.815706 0.001878 0.578464
vn 0.910097 -0.000905 0.414394
vn 0.910103 -0.000944 0.414381
vn -0.942369 0.002357 -0.334566
vn 0.910144 -0.001199 0.414291
vn -0.743524 -0.338182 -0.576892
vn -0.744722 -0.338447 -0.575190
vn -0.061899 -0.919675 -0.387770
vn -0.018209 -0.912504 -0.408663
vn -0.018486 -0.912545 -0.408558
vn -0.061544 -0.919619 -0.387961
vn -0.940081 -0.169564 -0.295796
vn -0.891524 -0.390059 -0.230301
vn -0.933830 -0.219159 -0.282719
vn 0.008195 0.961705 0.273964
vn 0.043858 0.965666 0.256060
vn 0.043952 0.965675 0.256007
vn 0.008644 0.961752 0.273784
vn 0.162456 0.973250 0.162456
vn 0.219886 0.970649 0.097415
vn 0.220018 0.970637 0.097240
vn 0.162456 0.973250 0.162456
vn 0.415027 0.001057 0.909808
vn 0.414662 -0.000175 0.909975
vn 0.414533 -0.000648 0.910034
vn 0.414987 0.000955 0.909827
vn -0.337151 -0.931108 -0.139168
vn -0.244898 -0.938110 -0.244897
vn -0.337752 -0.931012 -0.138349
vn -0.139168 -0.931108 -0.337151
vn -0.138350 -0.931012 -0.337752
vn -0.335968 -0.001779 -0.941872
vn -0.336123 -0.002300 -0.941815
vn -0.336107 -0.002257 -0.941821
vn -0.335914 -0.001583 -0.941891
vn -0.415571 -0.909558 0.002259
vn -0.408663 -0.912504 -0.018208
vn -0.408558 -0.912545 -0.018485
vn -0.415478 -0.909601 0.001871
vn 0.097416 0.970649 0.219886
vn 0.097241 0.970637 0.220018
vn -0.335356 0.006669 -0.942068
vn -0.335366 0.002988 -0.942083
vn -0.335350 0.003355 -0.942087
vn -0.335370 0.006908 -0.942061
vn 0.273964 0.961705 0.008195
vn 0.280467 0.959812 -0.009945
vn 0.280362 0.959847 -0.009532
vn 0.273784 0.961752 0.008644
vn 0.413195 -0.011542 0.910569
vn 0.413223 -0.023027 0.910339
vn 0.413266 -0.023950 0.910295
vn 0.413153 -0.012397 0.910577
vn -0.335646 -0.000169 -0.941988
vn -0.335600 0.000131 -0.942005
vn -0.387769 -0.919676 -0.061901
vn -0.387960 -0.919619 -0.061546
vn 0.256060 0.965665 0.043857
vn 0.256007 0.965675 0.043951
vn -0.140212 0.970219 0.197524
vn 0.413895 -0.003998 0.910316
vn 0.413783 -0.004716 0.910363
vn 0.414221 0.001199 0.910175
vn 0.414335 0.000920 0.910124
vn 0.414342 0.000903 0.910121
vn 0.281843 0.959328 -0.015976
vn 0.281823 0.959336 -0.015810
vn -0.334655 -0.001809 -0.942339
vn -0.334427 -0.002356 -0.942419
vn -0.334669 -0.001775 -0.942334
vn -0.120335 0.986620 0.110006
vn -0.077011 0.980310 0.181826
vn -0.067911 0.978433 0.195081
vn -0.112420 0.985870 0.124184
vn -0.417024 -0.908848 0.009294
vn -0.416998 -0.908862 0.009064
vn 0.147991 0.983394 -0.105052
vn -0.336148 -0.002361 -0.941806
vn -0.336148 -0.002361 -0.941806
vn 0.111604 -0.952699 -0.282681
vn 0.183176 -0.969037 -0.165569
vn 0.169577 -0.967066 -0.189809
vn 0.096593 -0.947808 -0.303857
vn -0.419093 -0.907943 -0.000660
vn -0.417612 -0.908602 0.006497
vn -0.417515 -0.908641 0.007259
vn -0.418755 -0.908099 0.000715
vn 0.415084 0.001201 0.909782
vn 0.415084 0.001201 0.909782
vn -0.000644 -0.909580 -0.415528
vn 0.017880 -0.916903 -0.398708
vn 0.011851 -0.914510 -0.404390
vn -0.002972 -0.908750 -0.417330
vn 0.282615 0.959188 -0.009291
vn 0.284791 0.958589 0.000909
vn 0.284306 0.958733 -0.000986
vn 0.282466 0.959221 -0.010421
vn -0.335282 -0.001576 -0.942117
vn -0.335763 -0.002012 -0.941944
vn 0.010101 0.957665 0.287709
vn 0.000909 0.958589 0.284790
vn -0.000985 0.958733 0.284305
vn 0.008669 0.957843 0.287160
vn 0.053425 -0.931434 -0.359967
vn 0.043056 -0.927297 -0.371842
vn -0.037855 0.971142 0.235481
vn -0.030139 0.969121 0.244736
vn -0.893353 0.419759 -0.160381
vn -0.893486 0.419858 -0.159381
vn -0.880946 0.410104 -0.236113
vn -0.880672 0.409884 -0.237511
vn 0.414648 0.000800 0.909982
vn 0.414893 0.001025 0.909870
vn -0.904117 0.427285 0.000000
vn -0.904117 0.427285 0.000000
vn -0.901339 0.425460 -0.081066
vn -0.901300 0.425434 -0.081636
vn 0.281985 0.959296 -0.015348
vn 0.281983 0.959292 -0.015670
vn -0.009252 0.963352 0.268080
vn -0.004160 0.961968 0.273130
vn 0.287709 0.957665 0.010102
vn 0.287161 0.957843 0.008670
vn 0.007233 0.958851 0.283817
vn 0.013717 0.957247 0.288945
vn 0.014315 0.957120 0.289339
vn 0.009353 0.958319 0.285546
vn -0.421016 -0.907026 -0.007040
vn -0.420661 -0.907198 -0.006069
vn 0.909808 0.001057 0.415027
vn 0.909782 0.001201 0.415084
vn 0.909782 0.001201 0.415084
vn 0.909827 0.000955 0.414987
vn -0.007741 -0.907105 -0.420834
vn -0.008514 -0.906873 -0.421318
vn -0.415529 -0.909580 -0.000645
vn -0.420835 -0.907104 -0.007741
vn -0.421319 -0.906873 -0.008513
vn -0.417331 -0.908750 -0.002973
vn -0.941806 -0.002361 -0.336148
vn -0.941815 -0.002300 -0.336123
vn -0.941821 -0.002257 -0.336107
vn -0.941806 -0.002361 -0.336148
vn -0.000660 -0.907943 -0.419092
vn -0.007038 -0.907026 -0.421016
vn -0.006067 -0.907198 -0.420661
vn 0.000715 -0.908099 -0.418755
vn 0.288944 0.957248 0.013716
vn 0.283817 0.958851 0.007233
vn 0.285545 0.958320 0.009353
vn 0.289338 0.957120 0.014315
vn 0.909973 0.000817 0.414667
vn 0.909866 0.001033 0.414901
vn -0.421964 -0.906563 -0.009484
vn -0.421886 -0.906601 -0.009326
vn -0.009485 -0.906563 -0.421965
vn -0.009326 -0.906601 -0.421887
vn -0.942103 -0.001610 -0.335319
vn -0.941938 -0.002027 -0.335780
vn 0.289554 0.957052 0.014454
vn 0.289310 0.957133 0.013980
vn -0.942307 -0.001855 -0.334745
vn -0.942297 -0.001779 -0.334772
vn 0.014455 0.957052 0.289554
vn 0.013981 0.957134 0.289309
vn -0.941872 -0.001778 -0.335968
vn -0.941891 -0.001583 -0.335914
vn 0.268081 0.963352 -0.009253
vn 0.273130 0.961968 -0.004160
vn 0.909975 -0.000175 0.414662
vn 0.910034 -0.000648 0.414533
vn -0.009290 0.959189 0.282614
vn -0.010421 0.959221 0.282465
vn -0.398709 -0.916903 0.017880
vn -0.404390 -0.914510 0.011850
vn 0.910339 -0.023027 0.413223
vn 0.910569 -0.011542 0.413195
vn 0.910577 -0.012397 0.413153
vn 0.910295 -0.023951 0.413266
vn 0.006497 -0.908602 -0.417612
vn 0.007259 -0.908641 -0.417514
vn -0.165570 -0.969037 0.183176
vn -0.282680 -0.952699 0.111604
vn -0.303856 -0.947808 0.096594
vn -0.189810 -0.967066 0.169577
vn -0.942083 0.002988 -0.335366
vn -0.942068 0.006669 -0.335356
vn -0.942061 0.006909 -0.335371
vn -0.942087 0.003355 -0.335351
vn 0.002257 -0.909558 -0.415570
vn 0.009294 -0.908848 -0.417023
vn 0.009065 -0.908863 -0.416997
vn 0.001868 -0.909602 -0.415477
vn 0.181829 0.980310 -0.077009
vn 0.110006 0.986620 -0.120334
vn 0.124186 0.985870 -0.112418
vn 0.195083 0.978433 -0.067909
vn 0.910316 -0.003997 0.413896
vn 0.910363 -0.004716 0.413783
vn -0.417204 -0.908756 0.010179
vn -0.417202 -0.908755 0.010305
vn -0.015976 0.959327 0.281843
vn -0.009945 0.959812 0.280467
vn -0.009532 0.959847 0.280361
vn -0.015810 0.959336 0.281823
vn -0.359967 -0.931434 0.053426
vn -0.371842 -0.927297 0.043057
vn -0.015348 0.959296 0.281984
vn -0.015669 0.959292 0.281982
vn -0.941988 -0.000169 -0.335646
vn -0.942005 0.000131 -0.335600
vn 0.010179 -0.908756 -0.417203
vn 0.010304 -0.908755 -0.417202
vn 0.909985 -0.030137 0.413545
vn -0.335456 0.008364 -0.942019
vn 0.077579 0.987353 -0.138256
vn 0.213242 -0.970721 -0.110580
vn -0.369042 -0.924021 0.099968
vn -0.303672 -0.943768 0.130714
vn -0.138256 0.987353 0.077580
vn -0.108633 -0.666101 -0.737908
vn -0.174980 -0.535573 -0.826162
vn -0.079180 -0.716171 -0.693419
vn -0.539825 -0.841699 0.011526
vn -0.006370 -0.821111 -0.570734
vn 0.815706 0.001878 -0.578464
vn 0.815976 0.001236 -0.578084
vn 0.815977 0.001233 -0.578083
vn 0.817043 0.001883 -0.576573
vn 0.817593 0.003225 -0.575788
vn 0.817599 0.003254 -0.575779
vn 0.817048 0.001883 -0.576567
vn 0.816511 0.001232 -0.577329
vn 0.816513 0.001239 -0.577325
vn -0.578463 0.001879 0.815707
vn -0.578082 0.001250 0.815977
vn -0.578084 0.001253 0.815976
vn -0.576568 0.001884 0.817047
vn -0.575780 0.003255 0.817598
vn -0.575789 0.003225 0.817592
vn -0.576574 0.001884 0.817043
vn -0.577325 0.001257 0.816513
vn -0.577329 0.001250 0.816510
vn -0.574775 0.013132 0.818206
vn -0.574791 0.012907 0.818198
vn -0.568347 0.091866 0.817645
vn -0.558697 0.176126 0.810455
vn -0.558976 0.174028 0.810716
vn -0.568461 0.090702 0.817695
vn -0.572811 0.040268 0.818698
vn -0.572855 0.039695 0.818695
vn -0.539648 0.278048 0.794651
vn -0.566106 0.302639 0.766768
vn -0.584581 0.339975 0.736670
vn -0.667257 0.330964 0.667256
vn -0.667257 0.330964 0.667256
vn -0.519384 0.354095 0.777725
vn -0.862562 0.395490 -0.315553
vn -0.863061 0.395883 -0.313691
vn -0.837586 0.377399 -0.394992
vn -0.836768 0.376846 -0.397248
vn -0.800194 0.356538 -0.482255
vn -0.799023 0.355987 -0.484598
vn 0.235481 0.971141 -0.037855
vn 0.244737 0.969121 -0.030140
vn -0.901300 0.425434 0.081636
vn -0.901339 0.425460 0.081066
vn 0.160380 0.419759 -0.893354
vn 0.159381 0.419858 -0.893486
vn 0.236112 0.410105 -0.880945
vn 0.237511 0.409886 -0.880672
vn -0.880672 0.409885 0.237510
vn -0.880946 0.410104 0.236112
vn -0.893486 0.419858 0.159380
vn -0.893353 0.419760 0.160379
vn -0.836768 0.376847 0.397247
vn -0.837586 0.377401 0.394991
vn -0.863061 0.395884 0.313690
vn -0.862563 0.395490 0.315552
vn -0.744723 0.338445 0.575189
vn -0.743525 0.338180 0.576892
vn -0.799023 0.355987 0.484598
vn -0.800194 0.356538 0.482255
vn 0.810715 0.174028 -0.558977
vn 0.750571 0.253800 -0.610106
vn 0.776959 0.218444 -0.590438
vn 0.810455 0.176126 -0.558697
vn 0.667256 0.330964 -0.667257
vn 0.667256 0.330964 -0.667257
vn 0.717493 0.284734 -0.635712
vn 0.727638 0.203296 -0.655144
vn 0.818199 0.012907 -0.574791
vn 0.818207 0.013132 -0.574774
vn 0.817695 0.090702 -0.568461
vn 0.817644 0.091866 -0.568347
vn 0.818695 0.039694 -0.572855
vn 0.818698 0.040267 -0.572811
vn 0.576892 0.338180 -0.743525
vn 0.575190 0.338445 -0.744723
vn 0.315554 0.395491 -0.862562
vn 0.313691 0.395884 -0.863061
vn 0.394992 0.377399 -0.837587
vn 0.397248 0.376846 -0.836768
vn 0.484598 0.355986 -0.799024
vn 0.482254 0.356537 -0.800195
vn -0.000000 0.427285 -0.904117
vn -0.000001 0.427285 -0.904117
vn 0.081065 0.425460 -0.901339
vn 0.081635 0.425435 -0.901300
vn 0.413545 -0.030135 0.909985
vn -0.081636 0.425433 -0.901300
vn -0.081066 0.425459 -0.901339
vn -0.315554 0.395491 -0.862562
vn -0.313691 0.395884 -0.863061
vn -0.236112 0.410105 -0.880945
vn -0.237510 0.409886 -0.880672
vn -0.160379 0.419759 -0.893354
vn -0.159380 0.419858 -0.893486
vn -0.397247 0.376847 -0.836768
vn -0.394991 0.377400 -0.837586
vn -0.667256 0.330965 -0.667257
vn -0.667256 0.330965 -0.667257
vn -0.575190 0.338445 -0.744723
vn -0.576892 0.338181 -0.743525
vn -0.484597 0.355987 -0.799024
vn -0.482254 0.356538 -0.800195
vn 0.576892 -0.338180 0.743525
vn 0.484597 -0.355987 0.799023
vn 0.482254 -0.356538 0.800195
vn 0.575190 -0.338445 0.744722
vn 0.397247 -0.376847 0.836768
vn 0.394992 -0.377400 0.837586
vn 0.667256 -0.330965 0.667257
vn 0.667256 -0.330964 0.667257
vn 0.315554 -0.395490 0.862562
vn 0.313691 -0.395884 0.863061
vn 0.237511 -0.409885 0.880672
vn 0.160380 -0.419759 0.893354
vn 0.159380 -0.419857 0.893486
vn 0.236112 -0.410104 0.880946
vn 0.081636 -0.425433 0.901300
vn 0.081066 -0.425459 0.901339
vn 0.000001 -0.427284 0.904117
vn 0.000001 -0.427284 0.904117
vn -0.081635 -0.425434 0.901300
vn -0.160381 -0.419759 0.893354
vn -0.159381 -0.419858 0.893486
vn -0.081066 -0.425460 0.901339
vn -0.237511 -0.409885 0.880672
vn -0.236112 -0.410104 0.880946
vn -0.315553 -0.395490 0.862562
vn -0.313691 -0.395884 0.863061
vn -0.397248 -0.376847 0.836768
vn -0.484597 -0.355987 0.799024
vn -0.482254 -0.356538 0.800195
vn -0.394992 -0.377400 0.837586
vn -0.576892 -0.338181 0.743525
vn -0.575189 -0.338446 0.744723
vn -0.667256 -0.330965 0.667257
vn -0.667256 -0.330965 0.667256
vn -0.818199 -0.012907 0.574791
vn -0.818207 -0.013132 0.574774
vn -0.818698 -0.040267 0.572811
vn -0.818695 -0.039694 0.572855
vn -0.817645 -0.091866 0.568346
vn -0.817695 -0.090702 0.568461
vn -0.810456 -0.176126 0.558696
vn -0.810716 -0.174028 0.558975
vn -0.817593 -0.003225 0.575788
vn -0.817599 -0.003254 0.575779
vn -0.757127 -0.272499 0.593720
vn -0.781844 -0.241508 0.574798
vn -0.750553 -0.261981 0.606660
vn -0.727549 -0.301426 0.616292
vn 0.743525 -0.338181 -0.576892
vn 0.799023 -0.355988 -0.484598
vn 0.800194 -0.356538 -0.482255
vn 0.744722 -0.338446 -0.575190
vn 0.836768 -0.376847 -0.397248
vn 0.837586 -0.377400 -0.394992
vn 0.667256 -0.330964 -0.667257
vn 0.667256 -0.330964 -0.667257
vn 0.862562 -0.395490 -0.315553
vn 0.863061 -0.395884 -0.313690
vn 0.880672 -0.409885 -0.237510
vn 0.893353 -0.419760 -0.160379
vn 0.893486 -0.419858 -0.159380
vn 0.880946 -0.410104 -0.236112
vn 0.901300 -0.425434 -0.081635
vn 0.901339 -0.425460 -0.081066
vn 0.904117 -0.427285 -0.000000
vn 0.904117 -0.427285 -0.000000
vn 0.901300 -0.425434 0.081635
vn 0.893353 -0.419759 0.160380
vn 0.893486 -0.419858 0.159381
vn 0.901339 -0.425460 0.081065
vn 0.880672 -0.409885 0.237511
vn 0.880946 -0.410104 0.236113
vn 0.862563 -0.395490 0.315553
vn 0.863061 -0.395883 0.313691
vn 0.836768 -0.376847 0.397248
vn 0.799024 -0.355987 0.484597
vn 0.800195 -0.356538 0.482254
vn 0.837586 -0.377400 0.394992
vn 0.743524 -0.338181 0.576892
vn 0.744722 -0.338446 0.575190
vn 0.539799 -0.282128 -0.793108
vn 0.567208 -0.301468 -0.766415
vn 0.581110 -0.339604 -0.739581
vn 0.522982 -0.350584 -0.776904
vn 0.558696 -0.176126 -0.810455
vn 0.558976 -0.174028 -0.810716
vn 0.574775 -0.013133 -0.818206
vn 0.574792 -0.012907 -0.818198
vn 0.572856 -0.039695 -0.818694
vn 0.572812 -0.040268 -0.818697
vn 0.568462 -0.090702 -0.817695
vn 0.568347 -0.091866 -0.817644
vn 0.575780 -0.003255 -0.817598
vn 0.575789 -0.003225 -0.817592
vn 0.578085 -0.001880 -0.815974
vn 0.578087 -0.001880 -0.815973
vn 0.577332 -0.001882 -0.816507
vn 0.577329 -0.001882 -0.816510
vn 0.576574 -0.001884 -0.817043
vn 0.576568 -0.001884 -0.817047
vn 0.578463 -0.001879 -0.815707
vn -0.815973 -0.001879 0.578087
vn -0.815974 -0.001879 0.578086
vn -0.816510 -0.001882 0.577328
vn -0.816507 -0.001882 0.577332
vn -0.817048 -0.001884 0.576567
vn -0.817043 -0.001883 0.576573
vn -0.815706 -0.001878 0.578464
vn 0.910103 0.000944 0.414381
vn 0.910097 0.000905 0.414394
vn -0.942369 -0.002357 -0.334566
vn 0.910144 0.001199 0.414291
vn -0.743524 0.338181 -0.576893
vn -0.744722 0.338446 -0.575190

# Mesh
g Cube
usemtl Material
f 4/4/4 1/1/1 2/2/2
f 2/2/2 3/3/3 4/4/4
f 3/3/3 2/2/2 5/5/5
f 5/5/5 6/6/6 3/3/3
f 8/8/8 4/4/4 3/3/3
f 3/3/3 7/7/7 8/8/8
f 7/10/7 3/3/3 6/6/6
f 6/6/6 9/9/9 7/10/7
f 12/13/12 10/11/10 11/12/11
f 11/12/11 1/1/1 12/13/12
f 1/1/1 11/12/11 13/14/13
f 13/14/13 2/2/2 1/1/1
f 2/2/2 13/14/13 14/15/14
f 14/15/14 5/5/5 2/2/2
f 5/5/5 14/15/14 15/16/15
f 15/16/15 16/17/16 5/5/5
f 6/6/6 5/5/5 16/17/16
f 16/17/16 17/18/17 6/6/6
f 9/9/9 6/6/6 17/18/17
f 17/18/17 18/19/18 9/9/9
f 20/21/20 9/9/9 18/19/18
f 18/19/18 19/20/19 20/21/20
f 21/22/21 7/10/7 9/9/9
f 9/9/9 20/21/20 21/22/21
f 22/24/22 8/8/8 7/7/7
f 7/7/7 21/23/21 22/24/22
f 24/26/24 23/25/23 8/8/8
f 8/8/8 22/24/22 24/26/24
f 23/25/23 25/27/25 4/4/4
f 4/4/4 8/8/8 23/25/23
f 25/27/25 12/13/12 1/1/1
f 1/1/1 4/4/4 25/27/25
f 29/31/29 26/28/26 27/29/27
f 27/29/27 28/30/28 29/31/29
f 31/33/31 29/31/29 28/30/28
f 28/30/28 30/32/30 31/33/31
f 26/28/26 32/34/32 33/35/33
f 33/35/33 27/29/27 26/28/26
f 27/37/27 33/36/33 24/26/24
f 24/26/24 22/24/22 27/37/27
f 28/38/28 27/37/27 22/24/22
f 22/24/22 21/23/21 28/38/28
f 30/40/30 28/39/28 21/22/21
f 21/22/21 20/21/20 30/40/30
f 34/41/34 30/40/30 20/21/20
f 20/21/20 19/20/19 34/41/34
f 35/43/35 31/33/31 30/32/30
f 30/32/30 34/42/34 35/43/35
f 39/47/39 36/44/36 37/45/37
f 37/45/37 38/46/38 39/47/39
f 41/49/41 39/47/39 38/46/38
f 38/46/38 40/48/40 41/49/41
f 36/44/36 35/50/35 34/51/34
f 34/51/34 37/45/37 36/44/36
f 37/52/37 34/41/34 19/20/19
f 19/20/19 18/19/18 37/52/37
f 38/53/38 37/52/37 18/19/18
f 18/19/18 17/18/17 38/53/38
f 40/55/40 38/54/38 17/18/17
f 17/18/17 16/17/16 40/55/40
f 42/56/42 40/55/40 16/17/16
f 16/17/16 15/16/15 42/56/42
f 43/58/43 41/49/41 40/48/40
f 40/48/40 42/57/42 43/58/43
f 47/62/47 44/59/44 45/60/45
f 45/60/45 46/61/46 47/62/47
f 49/64/49 47/62/47 46/61/46
f 46/61/46 48/63/48 49/64/49
f 44/59/44 50/65/50 51/66/51
f 51/66/51 45/60/45 44/59/44
f 45/68/45 51/67/51 10/11/10
f 10/11/10 12/13/12 45/68/45
f 46/69/46 45/68/45 12/13/12
f 12/13/12 25/27/25 46/69/46
f 48/70/48 46/69/46 25/27/25
f 25/27/25 23/25/23 48/70/48
f 33/36/33 48/70/48 23/25/23
f 23/25/23 24/26/24 33/36/33
f 32/34/32 49/64/49 48/63/48
f 48/63/48 33/35/33 32/34/32
f 55/74/55 52/71/52 53/72/53
f 53/72/53 54/73/54 55/74/55
f 57/78/57 55/75/55 54/76/54
f 54/76/54 56/77/56 57/78/57
f 52/71/52 43/58/43 42/57/42
f 42/57/42 53/72/53 52/71/52
f 53/79/53 42/56/42 15/16/15
f 15/16/15 14/15/14 53/79/53
f 54/80/54 53/79/53 14/15/14
f 14/15/14 13/14/13 54/80/54
f 56/81/56 54/80/54 13/14/13
f 13/14/13 11/12/11 56/81/56
f 51/67/51 56/81/56 11/12/11
f 11/12/11 10/11/10 51/67/51
f 50/65/50 57/78/57 56/77/56
f 56/77/56 51/66/51 50/65/50
f 59/83/59 58/82/58 57/78/57
f 57/78/57 50/65/50 59/83/59
f 61/85/61 60/84/60 43/58/43
f 43/58/43 52/71/52 61/85/61
f 58/82/58 62/86/62 55/75/55
f 55/75/55 57/78/57 58/82/58
f 62/86/62 61/85/61 52/71/52
f 52/71/52 55/74/55 62/86/62
f 64/88/64 63/87/63 49/64/49
f 49/64/49 32/34/32 64/88/64
f 65/89/65 59/83/59 50/65/50
f 50/65/50 44/59/44 65/89/65
f 63/87/63 66/90/66 47/62/47
f 47/62/47 49/64/49 63/87/63
f 66/90/66 65/89/65 44/59/44
f 44/59/44 47/62/47 66/90/66
f 60/84/60 67/91/67 41/49/41
f 41/49/41 43/58/43 60/84/60
f 69/93/69 68/92/68 35/50/35
f 35/50/35 36/44/36 69/93/69
f 67/91/67 70/94/70 39/47/39
f 39/47/39 41/49/41 67/91/67
f 70/94/70 69/93/69 36/44/36
f 36/44/36 39/47/39 70/94/70
f 68/96/68 71/95/71 31/33/31
f 31/33/31 35/43/35 68/96/68
f 72/97/72 64/88/64 32/34/32
f 32/34/32 26/28/26 72/97/72
f 71/95/71 73/98/73 29/31/29
f 29/31/29 31/33/31 71/95/71
f 73/98/73 72/97/72 26/28/26
f 26/28/26 29/31/29 73/98/73
f 77/102/77 74/99/74 75/100/75
f 75/100/75 76/101/76 77/102/77
f 79/104/79 77/102/77 76/101/76
f 76/101/76 78/103/78 79/104/79
f 76/101/76 75/105/75 80/106/80
f 80/106/80 81/107/81 76/101/76
f 78/103/78 76/101/76 81/107/81
f 81/107/81 82/108/82 78/103/78
f 85/111/85 83/109/83 84/110/84
f 84/110/84 74/99/74 85/111/85
f 86/112/86 85/111/85 74/99/74
f 74/99/74 77/102/77 86/112/86
f 87/113/87 86/112/86 77/102/77
f 77/102/77 79/104/79 87/113/87
f 89/115/89 87/113/87 79/104/79
f 79/104/79 88/114/88 89/115/89
f 88/114/88 79/104/79 78/103/78
f 78/103/78 90/116/90 88/114/88
f 90/116/90 78/103/78 82/108/82
f 82/108/82 91/117/91 90/116/90
f 91/117/91 82/108/82 92/118/92
f 92/118/92 93/119/93 91/117/91
f 82/108/82 81/107/81 94/120/94
f 94/120/94 92/118/92 82/108/82
f 81/107/81 80/106/80 95/121/95
f 95/121/95 94/120/94 81/107/81
f 80/106/80 96/122/96 97/123/97
f 97/123/97 95/121/95 80/106/80
f 75/105/75 98/124/98 96/122/96
f 96/122/96 80/106/80 75/105/75
f 74/99/74 84/110/84 98/125/98
f 98/125/98 75/100/75 74/99/74
f 102/129/102 99/126/99 100/127/100
f 100/127/100 101/128/101 102/129/102
f 101/128/101 100/127/100 103/130/103
f 103/130/103 104/131/104 101/128/101
f 106/133/106 105/132/105 99/126/99
f 99/126/99 102/129/102 106/133/106
f 97/123/97 106/134/106 102/135/102
f 102/135/102 95/121/95 97/123/97
f 95/121/95 102/135/102 101/136/101
f 101/136/101 94/120/94 95/121/95
f 94/120/94 101/137/101 104/138/104
f 104/138/104 92/118/92 94/120/94
f 92/118/92 104/138/104 107/139/107
f 107/139/107 93/119/93 92/118/92
f 104/131/104 103/130/103 108/140/108
f 108/140/108 107/141/107 104/131/104
f 112/145/112 109/142/109 110/143/110
f 110/143/110 111/144/111 112/145/112
f 111/144/111 110/143/110 113/146/113
f 113/146/113 114/147/114 111/144/111
f 107/149/107 108/148/108 109/142/109
f 109/142/109 112/145/112 107/149/107
f 93/119/93 107/139/107 112/150/112
f 112/150/112 91/117/91 93/119/93
f 91/117/91 112/150/112 111/151/111
f 111/151/111 90/116/90 91/117/91
f 90/116/90 111/151/111 114/152/114
f 114/152/114 88/114/88 90/116/90
f 88/114/88 114/152/114 115/153/115
f 115/153/115 89/115/89 88/114/88
f 114/147/114 113/146/113 116/154/116
f 116/154/116 115/155/115 114/147/114
f 120/159/120 117/156/117 118/157/118
f 118/157/118 119/158/119 120/159/120
f 119/158/119 118/157/118 121/160/121
f 121/160/121 122/161/122 119/158/119
f 124/163/124 123/162/123 117/156/117
f 117/156/117 120/159/120 124/163/124
f 83/109/83 124/164/124 120/165/120
f 120/165/120 84/110/84 83/109/83
f 84/110/84 120/165/120 119/166/119
f 119/166/119 98/125/98 84/110/84
f 98/124/98 119/167/119 122/168/122
f 122/168/122 96/122/96 98/124/98
f 96/122/96 122/168/122 106/134/106
f 106/134/106 97/123/97 96/122/96
f 122/161/122 121/160/121 105/132/105
f 105/132/105 106/133/106 122/161/122
f 128/172/128 125/169/125 126/170/126
f 126/170/126 127/171/127 128/172/128
f 127/171/127 126/170/126 129/173/129
f 129/173/129 130/174/130 127/171/127
f 115/155/115 116/154/116 125/169/125
f 125/169/125 128/172/128 115/155/115
f 89/115/89 115/153/115 128/175/128
f 128/175/128 87/113/87 89/115/89
f 87/113/87 128/175/128 127/176/127
f 127/176/127 86/112/86 87/113/87
f 86/112/86 127/176/127 130/177/130
f 130/177/130 85/111/85 86/112/86
f 85/111/85 130/177/130 124/164/124
f 124/164/124 83/109/83 85/111/85
f 130/174/130 129/173/129 123/162/123
f 123/162/123 124/163/124 130/174/130
f 129/173/129 58/82/58 59/83/59
f 59/83/59 123/162/123 129/173/129
f 116/154/116 60/84/60 61/85/61
f 61/85/61 125/169/125 116/154/116
f 126/170/126 62/86/62 58/82/58
f 58/82/58 129/173/129 126/170/126
f 125/169/125 61/85/61 62/86/62
f 62/86/62 126/170/126 125/169/125
f 121/160/121 63/87/63 64/88/64
f 64/88/64 105/132/105 121/160/121
f 123/162/123 59/83/59 65/89/65
f 65/89/65 117/156/117 123/162/123
f 118/157/118 66/90/66 63/87/63
f 63/87/63 121/160/121 118/157/118
f 117/156/117 65/89/65 66/90/66
f 66/90/66 118/157/118 117/156/117
f 113/146/113 67/91/67 60/84/60
f 60/84/60 116/154/116 113/146/113
f 108/148/108 68/178/68 69/179/69
f 69/179/69 109/142/109 108/148/108
f 110/143/110 70/94/70 67/91/67
f 67/91/67 113/146/113 110/143/110
f 109/142/109 69/179/69 70/94/70
f 70/94/70 110/143/110 109/142/109
f 103/130/103 71/180/71 68/181/68
f 68/181/68 108/140/108 103/130/103
f 105/132/105 64/88/64 72/97/72
f 72/97/72 99/126/99 105/132/105
f 100/127/100 73/98/73 71/180/71
f 71/180/71 103/130/103 100/127/100
f 99/126/99 72/97/72 73/98/73
f 73/98/73 100/127/100 99/126/99

# Mesh
g Cube.001
usemtl Material.001
f 134/185/134 131/182/131 132/183/132
f 132/183/132 133/184/133 134/185/134
f 138/189/137 135/186/135 136/187/136
f 136/187/136 137/188/137 138/189/137
f 142/193/141 139/190/138 140/191/139
f 140/191/139 141/192/140 142/193/141
f 146/197/145 143/194/142 144/195/143
f 144/195/143 145/196/144 146/197/145
f 150/201/149 147/198/146 148/199/147
f 148/199/147 149/200/148 150/201/149
f 154/205/153 151/202/150 152/203/151
f 152/203/151 153/204/152 154/205/153
f 131/182/131 155/206/154 156/207/155
f 156/207/155 132/183/132 131/182/131
f 160/211/159 157/208/156 158/209/157
f 158/209/157 159/210/158 160/211/159
f 164/215/163 161/212/160 162/213/161
f 162/213/161 163/214/162 164/215/163
f 166/217/165 142/193/141 141/192/140
f 141/192/140 165/216/164 166/217/165
f 170/221/169 167/218/166 168/219/167
f 168/219/167 169/220/168 170/221/169
f 174/225/173 171/222/170 172/223/171
f 172/223/171 173/224/172 174/225/173
f 178/229/177 175/226/174 176/227/175
f 176/227/175 177/228/176 178/229/177
f 180/231/179 170/221/169 169/220/168
f 169/220/168 179/230/178 180/231/179
f 151/202/150 181/232/180 182/233/181
f 182/233/181 152/203/151 151/202/150
f 157/208/156 180/231/179 179/230/178
f 179/230/178 158/209/157 157/208/156
f 184/235/183 146/197/145 145/196/144
f 145/196/144 183/234/182 184/235/183
f 188/239/184 185/236/184 186/237/184
f 186/237/184 187/238/184 188/239/184
f 181/232/180 164/215/163 163/214/162
f 163/214/162 182/233/181 181/232/180
f 171/222/170 184/235/183 183/234/182
f 183/234/182 172/223/171 171/222/170
f 175/226/174 189/240/185 190/241/186
f 190/241/186 176/227/175 175/226/174
f 194/245/189 191/242/187 192/243/187
f 192/243/187 193/244/188 194/245/189
f 189/240/185 150/201/149 149/200/148
f 149/200/148 190/241/186 189/240/185
f 196/247/191 174/225/173 173/224/172
f 173/224/172 195/246/190 196/247/191
f 200/251/194 197/248/192 198/249/193
f 198/249/193 199/250/194 200/251/194
f 204/255/198 201/252/195 202/253/196
f 202/253/196 203/254/197 204/255/198
f 161/212/160 205/256/199 206/257/200
f 206/257/200 162/213/161 161/212/160
f 191/242/201 200/251/201 199/250/201
f 199/250/201 192/243/201 191/242/201
f 208/259/203 160/211/159 159/210/158
f 159/210/158 207/258/202 208/259/203
f 212/263/207 209/260/204 210/261/205
f 210/261/205 211/262/206 212/263/207
f 216/267/211 213/264/208 214/265/209
f 214/265/209 215/266/210 216/267/211
f 147/198/146 217/268/212 218/269/213
f 218/269/213 148/199/147 147/198/146
f 222/273/217 219/270/214 220/271/215
f 220/271/215 221/272/216 222/273/217
f 226/277/221 223/274/218 224/275/219
f 224/275/219 225/276/220 226/277/221
f 228/279/223 208/259/203 207/258/202
f 207/258/202 227/278/222 228/279/223
f 232/283/227 229/280/224 230/281/225
f 230/281/225 231/282/226 232/283/227
f 197/248/192 228/279/223 227/278/222
f 227/278/222 198/249/193 197/248/192
f 209/260/204 233/284/228 234/285/229
f 234/285/229 210/261/205 209/260/204
f 236/287/231 204/255/198 203/254/197
f 203/254/197 235/286/230 236/287/231
f 238/290/235 237/288/232 195/246/233
f 195/246/233 206/289/234 238/290/235
f 217/268/212 239/291/236 240/292/237
f 240/292/237 218/269/213 217/268/212
f 214/294/241 225/276/238 224/275/239
f 224/275/239 215/293/240 214/294/241
f 223/274/218 241/295/242 237/288/243
f 237/288/243 224/275/219 223/274/218
f 243/297/245 236/287/231 235/286/230
f 235/286/230 242/296/244 243/297/245
f 245/299/247 226/277/221 225/276/220
f 225/276/220 244/298/246 245/299/247
f 249/303/251 246/300/248 247/301/249
f 247/301/249 248/302/250 249/303/251
f 213/264/208 250/304/252 251/305/253
f 251/305/253 214/265/209 213/264/208
f 255/309/257 252/306/254 253/307/255
f 253/307/255 254/308/256 255/309/257
f 219/270/214 256/310/258 257/311/259
f 257/311/259 220/271/215 219/270/214
f 261/315/263 258/312/260 259/313/261
f 259/313/261 260/314/262 261/315/263
f 265/319/267 262/316/264 263/317/265
f 263/317/265 264/318/266 265/319/267
f 269/323/271 266/320/268 267/321/269
f 267/321/269 268/322/270 269/323/271
f 273/327/275 270/324/272 271/325/273
f 271/325/273 272/326/274 273/327/275
f 275/329/277 255/309/257 254/308/256
f 254/308/256 274/328/276 275/329/277
f 250/304/252 276/330/278 277/331/279
f 277/331/279 251/305/253 250/304/252
f 256/310/258 278/332/280 279/333/281
f 279/333/281 257/311/259 256/310/258
f 276/330/278 261/315/263 260/314/262
f 260/314/262 277/331/279 276/330/278
f 262/316/264 280/334/282 281/335/283
f 281/335/283 263/317/265 262/316/264
f 278/332/280 269/323/271 268/322/270
f 268/322/270 279/333/281 278/332/280
f 270/324/272 282/336/284 283/337/285
f 283/337/285 271/325/273 270/324/272
f 280/334/282 284/338/286 285/339/287
f 285/339/287 281/335/283 280/334/282
f 229/280/224 286/340/288 287/341/289
f 287/341/289 230/281/225 229/280/224
f 289/343/291 265/319/267 264/318/266
f 264/318/266 288/342/290 289/343/291
f 291/345/293 273/327/275 272/326/274
f 272/326/274 290/344/292 291/345/293
f 252/306/254 292/346/294 293/347/295
f 293/347/295 253/307/255 252/306/254
f 295/349/297 232/283/227 231/282/226
f 231/282/226 294/348/296 295/349/297
f 258/312/260 296/350/298 297/351/299
f 297/351/299 259/313/261 258/312/260
f 301/355/303 298/352/300 299/353/301
f 299/353/301 300/354/302 301/355/303
f 266/320/268 302/356/304 303/357/305
f 303/357/305 267/321/269 266/320/268
f 307/361/309 304/358/306 305/359/307
f 305/359/307 306/360/308 307/361/309
f 311/365/313 308/362/310 309/363/311
f 309/363/311 310/364/312 311/365/313
f 315/369/317 312/366/314 313/367/315
f 313/367/315 314/368/316 315/369/317
f 319/373/321 316/370/318 317/371/319
f 317/371/319 318/372/320 319/373/321
f 321/375/323 301/355/303 300/354/302
f 300/354/302 320/374/322 321/375/323
f 205/256/199 322/376/324 238/377/325
f 238/377/325 206/257/200 205/256/199
f 326/381/329 323/378/326 324/379/327
f 324/379/327 325/380/328 326/381/329
f 296/350/298 327/382/330 328/383/331
f 328/383/331 297/351/299 296/350/298
f 330/385/333 295/349/297 294/348/296
f 294/348/296 329/384/332 330/385/333
f 308/362/310 331/386/334 332/387/335
f 332/387/335 309/363/311 308/362/310
f 327/382/330 307/361/309 306/360/308
f 306/360/308 328/383/331 327/382/330
f 334/389/337 315/369/317 314/368/316
f 314/368/316 333/388/336 334/389/337
f 239/291/236 194/245/189 193/244/188
f 193/244/188 240/292/237 239/291/236
f 331/386/334 289/343/291 288/342/290
f 288/342/290 332/387/335 331/386/334
f 135/186/135 311/365/313 310/364/312
f 310/364/312 136/187/136 135/186/135
f 298/352/300 335/390/338 336/391/338
f 336/391/338 299/353/301 298/352/300
f 246/300/248 243/297/245 242/296/244
f 242/296/244 247/301/249 246/300/248
f 167/218/166 337/392/339 338/393/339
f 338/393/339 168/219/167 167/218/166
f 335/390/340 319/373/321 318/372/320
f 318/372/320 336/391/340 335/390/340
f 312/366/314 134/185/134 133/184/133
f 133/184/133 313/367/315 312/366/314
f 340/395/341 212/263/207 211/262/206
f 211/262/206 339/394/341 340/395/341
f 304/358/306 341/396/342 342/397/343
f 342/397/343 305/359/307 304/358/306
f 155/206/154 154/205/153 153/204/152
f 153/204/152 156/207/155 155/206/154
f 201/252/195 343/398/344 344/399/344
f 344/399/344 202/253/196 201/252/195
f 143/194/142 166/217/165 165/216/164
f 165/216/164 144/195/143 143/194/142
f 337/392/347 345/400/345 346/401/346
f 346/401/346 338/393/347 337/392/347
f 341/396/342 138/189/348 137/188/348
f 137/188/348 342/397/343 341/396/342
f 345/400/345 340/395/349 339/394/349
f 339/394/349 346/401/346 345/400/345
f 193/244/352 192/243/350 199/250/350
f 199/250/350 198/249/351 193/244/352
f 148/403/356 218/402/353 207/258/354
f 207/258/354 159/210/355 148/403/356
f 218/402/353 240/404/357 227/278/358
f 227/278/358 207/258/354 218/402/353
f 240/404/357 193/244/352 198/249/351
f 198/249/351 227/278/358 240/404/357
f 285/339/361 187/238/359 186/237/359
f 186/237/359 347/405/360 285/339/361
f 264/318/365 263/317/362 254/406/363
f 254/406/363 253/407/364 264/318/365
f 263/317/362 281/335/366 274/408/367
f 274/408/367 254/406/363 263/317/362
f 281/335/366 285/339/361 347/405/360
f 347/405/360 274/408/367 281/335/366
f 288/342/369 264/318/365 253/407/364
f 253/407/364 293/409/368 288/342/369
f 310/364/373 309/363/370 300/410/371
f 300/410/371 299/411/372 310/364/373
f 309/363/370 332/387/374 320/412/375
f 320/412/375 300/410/371 309/363/370
f 332/387/374 288/342/369 293/409/368
f 293/409/368 320/412/375 332/387/374
f 136/187/377 310/364/373 299/411/372
f 299/411/372 336/413/376 136/187/377
f 342/415/380 336/391/376 318/372/378
f 318/372/378 305/414/379 342/415/380
f 137/188/381 136/187/377 336/413/376
f 336/413/376 342/397/380 137/188/381
f 162/417/385 173/224/382 172/223/383
f 172/223/383 163/416/384 162/417/385
f 139/190/138 326/381/329 325/380/328
f 325/380/328 140/191/139 139/190/138
f 163/416/384 172/223/383 183/234/386
f 183/234/386 182/418/387 163/416/384
f 206/289/234 195/246/233 173/224/382
f 173/224/382 162/417/385 206/289/234
f 349/420/389 291/345/293 290/344/292
f 290/344/292 348/419/388 349/420/389
f 233/284/228 222/273/217 221/272/216
f 221/272/216 234/285/229 233/284/228
f 215/293/240 224/275/239 237/288/232
f 237/288/232 238/290/235 215/293/240
f 251/421/391 244/298/390 225/276/238
f 225/276/238 214/294/241 251/421/391
f 279/423/395 287/341/392 248/302/393
f 248/302/393 257/422/394 279/423/395
f 260/425/399 271/325/396 283/337/397
f 283/337/397 277/424/398 260/425/399
f 297/427/403 290/344/400 272/326/401
f 272/326/401 259/426/402 297/427/403
f 305/414/379 318/372/378 317/371/404
f 317/371/404 306/428/405 305/414/379
f 328/429/407 348/419/406 290/344/400
f 290/344/400 297/427/403 328/429/407
f 306/428/405 317/371/404 348/419/406
f 348/419/406 328/429/407 306/428/405
f 344/431/411 177/430/408 168/219/409
f 168/219/409 338/393/410 344/431/411
f 211/433/414 202/253/412 344/399/411
f 344/399/411 339/432/413 211/433/414
f 339/394/413 344/431/411 338/393/410
f 338/393/410 346/401/415 339/394/413
f 149/434/417 148/403/356 159/210/355
f 159/210/355 158/209/416 149/434/417
f 177/430/408 176/435/418 169/220/419
f 169/220/419 168/219/409 177/430/408
f 176/435/418 190/436/420 179/230/421
f 179/230/421 169/220/419 176/435/418
f 190/436/420 149/434/417 158/209/416
f 158/209/416 179/230/421 190/436/420
f 210/437/423 203/254/422 202/253/412
f 202/253/412 211/433/414 210/437/423
f 220/439/427 247/301/424 242/296/425
f 242/296/425 221/438/426 220/439/427
f 234/440/429 235/286/428 203/254/422
f 203/254/422 210/437/423 234/440/429
f 221/438/426 242/296/425 235/286/428
f 235/286/428 234/440/429 221/438/426
f 257/422/394 248/302/393 247/301/424
f 247/301/424 220/439/427 257/422/394
f 267/442/433 231/282/430 230/281/431
f 230/281/431 268/441/432 267/442/433
f 268/441/432 230/281/431 287/341/392
f 287/341/392 279/423/395 268/441/432
f 343/398/434 178/229/177 177/228/176
f 177/228/176 344/399/434 343/398/434
f 303/443/436 294/348/435 231/282/430
f 231/282/430 267/442/433 303/443/436
f 313/445/440 325/380/437 324/379/438
f 324/379/438 314/444/439 313/445/440
f 333/446/442 329/384/441 294/348/435
f 294/348/435 303/443/436 333/446/442
f 314/444/439 324/379/438 329/384/441
f 329/384/441 333/446/442 314/444/439
f 133/447/444 140/191/443 325/380/437
f 325/380/437 313/445/440 133/447/444
f 153/449/445 144/195/445 165/216/446
f 165/216/446 156/448/447 153/449/445
f 132/450/449 141/192/448 140/191/443
f 140/191/443 133/447/444 132/450/449
f 156/448/447 165/216/446 141/192/448
f 141/192/448 132/450/449 156/448/447
f 142/193/453 166/217/450 155/206/451
f 155/206/451 131/182/452 142/193/453
f 139/190/455 142/193/453 131/182/452
f 131/182/452 134/185/454 139/190/455
f 166/217/450 143/194/456 154/205/456
f 154/205/456 155/206/451 166/217/450
f 326/381/458 139/190/455 134/185/454
f 134/185/454 312/366/457 326/381/458
f 330/385/462 323/378/459 315/369/460
f 315/369/460 334/389/461 330/385/462
f 295/349/464 330/385/462 334/389/461
f 334/389/461 302/356/463 295/349/464
f 323/378/459 326/381/458 312/366/457
f 312/366/457 315/369/460 323/378/459
f 232/283/466 295/349/464 302/356/463
f 302/356/463 266/320/465 232/283/466
f 286/340/470 229/280/467 269/323/468
f 269/323/468 278/332/469 286/340/470
f 249/303/472 286/340/470 278/332/469
f 278/332/469 256/310/471 249/303/472
f 229/280/467 232/283/466 266/320/465
f 266/320/465 269/323/468 229/280/467
f 246/300/474 249/303/472 256/310/471
f 256/310/471 219/270/473 246/300/474
f 236/287/478 243/297/475 222/273/476
f 222/273/476 233/284/477 236/287/478
f 204/255/480 236/287/478 233/284/477
f 233/284/477 209/260/479 204/255/480
f 243/297/475 246/300/474 219/270/473
f 219/270/473 222/273/476 243/297/475
f 201/252/482 204/255/480 209/260/479
f 209/260/479 212/263/481 201/252/482
f 157/208/486 150/201/483 189/240/484
f 189/240/484 180/231/485 157/208/486
f 180/231/485 189/240/484 175/226/487
f 175/226/487 170/221/488 180/231/485
f 170/221/488 175/226/487 178/229/489
f 178/229/489 167/218/490 170/221/488
f 160/211/492 147/198/491 150/201/483
f 150/201/483 157/208/486 160/211/492
f 337/392/496 343/398/493 340/395/494
f 340/395/494 345/400/495 337/392/496
f 343/398/493 201/252/482 212/263/481
f 212/263/481 340/395/494 343/398/493
f 167/218/490 178/229/489 343/398/493
f 343/398/493 337/392/496 167/218/490
f 349/420/500 316/370/497 307/361/498
f 307/361/498 327/382/499 349/420/500
f 291/345/502 349/420/500 327/382/499
f 327/382/499 296/350/501 291/345/502
f 316/370/497 319/373/503 304/358/504
f 304/358/504 307/361/498 316/370/497
f 273/327/506 291/345/502 296/350/501
f 296/350/501 258/312/505 273/327/506
f 282/336/510 270/324/507 261/315/508
f 261/315/508 276/330/509 282/336/510
f 245/299/512 282/336/510 276/330/509
f 276/330/509 250/304/511 245/299/512
f 270/324/507 273/327/506 258/312/505
f 258/312/505 261/315/508 270/324/507
f 226/277/514 245/299/512 250/304/511
f 250/304/511 213/264/513 226/277/514
f 241/295/518 223/274/515 216/267/516
f 216/267/516 322/376/517 241/295/518
f 196/247/520 241/295/518 322/376/517
f 322/376/517 205/256/519 196/247/520
f 223/274/515 226/277/514 213/264/513
f 213/264/513 216/267/516 223/274/515
f 174/225/522 196/247/520 205/256/519
f 205/256/519 161/212/521 174/225/522
f 184/235/526 171/222/523 164/215/524
f 164/215/524 181/232/525 184/235/526
f 146/197/528 184/235/526 181/232/525
f 181/232/525 151/202/527 146/197/528
f 171/222/523 174/225/522 161/212/521
f 161/212/521 164/215/524 171/222/523
f 143/194/456 146/197/528 151/202/527
f 151/202/527 154/205/456 143/194/456
f 335/390/532 135/186/529 138/189/530
f 138/189/530 341/396/531 335/390/532
f 319/373/503 335/390/532 341/396/531
f 341/396/531 304/358/504 319/373/503
f 298/352/534 311/365/533 135/186/529
f 135/186/529 335/390/532 298/352/534
f 292/346/538 289/343/535 331/386/536
f 331/386/536 321/375/537 292/346/538
f 321/375/537 331/386/536 308/362/539
f 308/362/539 301/355/540 321/375/537
f 301/355/540 308/362/539 311/365/533
f 311/365/533 298/352/534 301/355/540
f 252/306/542 265/319/541 289/343/535
f 289/343/535 292/346/538 252/306/542
f 350/451/546 284/338/543 280/334/544
f 280/334/544 275/329/545 350/451/546
f 275/329/545 280/334/544 262/316/547
f 262/316/547 255/309/548 275/329/545
f 255/309/548 262/316/547 265/319/541
f 265/319/541 252/306/542 255/309/548
f 185/452/549 188/239/549 284/338/543
f 284/338/543 350/451/546 185/452/549
f 197/248/553 194/245/550 239/291/551
f 239/291/551 228/279/552 197/248/553
f 228/279/552 239/291/551 217/268/554
f 217/268/554 208/259/555 228/279/552
f 208/259/555 217/268/554 147/198/491
f 147/198/491 160/211/492 208/259/555
f 200/251/556 191/242/556 194/245/550
f 194/245/550 197/248/553 200/251/556
f 350/451/558 275/329/277 274/328/276
f 274/328/276 347/453/557 350/451/558
f 284/338/286 188/239/559 187/238/559
f 187/238/559 285/339/287 284/338/286
f 316/370/318 349/420/389 348/419/388
f 348/419/388 317/371/319 316/370/318
f 241/295/242 196/247/191 195/246/190
f 195/246/190 237/288/243 241/295/242
f 292/346/294 321/375/323 320/374/322
f 320/374/322 293/347/295 292/346/294
f 185/452/560 350/451/558 347/453/557
f 347/453/557 186/454/560 185/452/560
f 323/378/326 330/385/333 329/384/332
f 329/384/332 324/379/327 323/378/326
f 322/376/324 216/267/211 215/266/210
f 215/266/210 238/377/325 322/376/324
f 302/356/304 334/389/337 333/388/336
f 333/388/336 303/357/305 302/356/304
f 259/426/402 272/326/401 271/325/396
f 271/325/396 260/425/399 259/426/402
f 277/424/398 283/337/397 244/298/390
f 244/298/390 251/421/391 277/424/398
f 282/336/284 245/299/247 244/298/246
f 244/298/246 283/337/285 282/336/284
f 152/455/562 145/196/561 144/195/445
f 144/195/445 153/449/445 152/455/562
f 286/340/288 249/303/251 248/302/250
f 248/302/250 287/341/289 286/340/288
f 182/418/387 183/234/386 145/196/561
f 145/196/561 152/455/562 182/418/387
f 354/459/566 351/456/563 352/457/564
f 352/457/564 353/458/565 354/459/566
f 358/463/569 355/460/567 356/461/568
f 356/461/568 357/462/568 358/463/569
f 362/467/573 359/464/570 360/465/571
f 360/465/571 361/466/572 362/467/573
f 366/471/577 363/468/574 364/469/575
f 364/469/575 365/470/576 366/471/577
f 370/475/581 367/472/578 368/473/579
f 368/473/579 369/474/580 370/475/581
f 374/479/584 371/476/582 372/477/583
f 372/477/583 373/478/583 374/479/584
f 376/481/586 375/480/585 351/456/563
f 351/456/563 354/459/566 376/481/586
f 380/485/590 377/482/587 378/483/588
f 378/483/588 379/484/589 380/485/590
f 384/489/594 381/486/591 382/487/592
f 382/487/592 383/488/593 384/489/594
f 361/466/572 360/465/571 385/490/595
f 385/490/595 386/491/596 361/466/572
f 390/495/600 387/492/597 388/493/598
f 388/493/598 389/494/599 390/495/600
f 394/499/604 391/496/601 392/497/602
f 392/497/602 393/498/603 394/499/604
f 398/503/608 395/500/605 396/501/606
f 396/501/606 397/502/607 398/503/608
f 389/494/599 388/493/598 399/504/609
f 399/504/609 400/505/610 389/494/599
f 402/507/612 401/506/611 371/476/582
f 371/476/582 374/479/584 402/507/612
f 400/505/610 399/504/609 377/482/587
f 377/482/587 380/485/590 400/505/610
f 365/470/576 364/469/575 403/508/613
f 403/508/613 404/509/614 365/470/576
f 408/513/615 405/510/615 406/511/615
f 406/511/615 407/512/615 408/513/615
f 383/488/593 382/487/592 401/506/611
f 401/506/611 402/507/612 383/488/593
f 404/509/614 403/508/613 391/496/601
f 391/496/601 394/499/604 404/509/614
f 410/515/617 409/514/616 395/500/605
f 395/500/605 398/503/608 410/515/617
f 414/519/618 411/516/618 412/517/619
f 412/517/619 413/518/620 414/519/618
f 369/474/580 368/473/579 409/514/616
f 409/514/616 410/515/617 369/474/580
f 393/498/603 392/497/602 415/520/621
f 415/520/621 416/521/622 393/498/603
f 420/525/625 417/522/623 418/523/624
f 418/523/624 419/524/624 420/525/625
f 424/529/629 421/526/626 422/527/627
f 422/527/627 423/528/628 424/529/629
f 426/531/631 425/530/630 381/486/591
f 381/486/591 384/489/594 426/531/631
f 419/524/632 418/523/632 411/516/632
f 411/516/632 414/519/632 419/524/632
f 379/484/589 378/483/588 427/532/633
f 427/532/633 428/533/634 379/484/589
f 432/537/638 429/534/635 430/535/636
f 430/535/636 431/536/637 432/537/638
f 436/541/642 433/538/639 434/539/640
f 434/539/640 435/540/641 436/541/642
f 438/543/644 437/542/643 367/472/578
f 367/472/578 370/475/581 438/543/644
f 442/547/648 439/544/645 440/545/646
f 440/545/646 441/546/647 442/547/648
f 446/551/652 443/548/649 444/549/650
f 444/549/650 445/550/651 446/551/652
f 428/533/634 427/532/633 447/552/653
f 447/552/653 448/553/654 428/533/634
f 452/557/658 449/554/655 450/555/656
f 450/555/656 451/556/657 452/557/658
f 448/553/654 447/552/653 417/522/623
f 417/522/623 420/525/625 448/553/654
f 454/559/660 453/558/659 429/534/635
f 429/534/635 432/537/638 454/559/660
f 423/528/628 422/527/627 455/560/661
f 455/560/661 456/561/662 423/528/628
f 416/521/666 457/562/663 458/563/664
f 458/563/664 426/564/665 416/521/666
f 460/566/668 459/565/667 437/542/643
f 437/542/643 438/543/644 460/566/668
f 446/551/672 445/550/669 436/567/670
f 436/567/670 435/568/671 446/551/672
f 457/562/674 461/569/673 443/548/649
f 443/548/649 446/551/652 457/562/674
f 456/561/662 455/560/661 462/570/675
f 462/570/675 463/571/676 456/561/662
f 445/550/651 444/549/650 464/572/677
f 464/572/677 465/573/678 445/550/651
f 469/577/682 466/574/679 467/575/680
f 467/575/680 468/576/681 469/577/682
f 471/579/684 470/578/683 433/538/639
f 433/538/639 436/541/642 471/579/684
f 475/583/688 472/580/685 473/581/686
f 473/581/686 474/582/687 475/583/688
f 477/585/690 476/584/689 439/544/645
f 439/544/645 442/547/648 477/585/690
f 481/589/694 478/586/691 479/587/692
f 479/587/692 480/588/693 481/589/694
f 485/593/698 482/590/695 483/591/696
f 483/591/696 484/592/697 485/593/698
f 489/597/702 486/594/699 487/595/700
f 487/595/700 488/596/701 489/597/702
f 493/601/706 490/598/703 491/599/704
f 491/599/704 492/600/705 493/601/706
f 474/582/687 473/581/686 494/602/707
f 494/602/707 495/603/708 474/582/687
f 497/605/710 496/604/709 470/578/683
f 470/578/683 471/579/684 497/605/710
f 499/607/712 498/606/711 476/584/689
f 476/584/689 477/585/690 499/607/712
f 480/588/693 479/587/692 496/604/709
f 496/604/709 497/605/710 480/588/693
f 501/609/714 500/608/713 482/590/695
f 482/590/695 485/593/698 501/609/714
f 488/596/701 487/595/700 498/606/711
f 498/606/711 499/607/712 488/596/701
f 503/611/716 502/610/715 490/598/703
f 490/598/703 493/601/706 503/611/716
f 505/613/718 504/612/717 500/608/713
f 500/608/713 501/609/714 505/613/718
f 507/615/720 506/614/719 449/554/655
f 449/554/655 452/557/658 507/615/720
f 484/592/697 483/591/696 508/616/721
f 508/616/721 509/617/722 484/592/697
f 492/600/705 491/599/704 510/618/723
f 510/618/723 511/619/724 492/600/705
f 513/621/726 512/620/725 472/580/685
f 472/580/685 475/583/688 513/621/726
f 451/556/657 450/555/656 514/622/727
f 514/622/727 515/623/728 451/556/657
f 517/625/730 516/624/729 478/586/691
f 478/586/691 481/589/694 517/625/730
f 521/629/734 518/626/731 519/627/732
f 519/627/732 520/628/733 521/629/734
f 523/631/736 522/630/735 486/594/699
f 486/594/699 489/597/702 523/631/736
f 527/635/740 524/632/737 525/633/738
f 525/633/738 526/634/739 527/635/740
f 531/639/744 528/636/741 529/637/742
f 529/637/742 530/638/743 531/639/744
f 535/643/748 532/640/745 533/641/746
f 533/641/746 534/642/747 535/643/748
f 539/647/752 536/644/749 537/645/750
f 537/645/750 538/646/751 539/647/752
f 520/628/733 519/627/732 540/648/753
f 540/648/753 541/649/754 520/628/733
f 458/651/756 542/650/755 425/530/630
f 425/530/630 426/531/631 458/651/756
f 546/655/760 543/652/757 544/653/758
f 544/653/758 545/654/759 546/655/760
f 548/657/762 547/656/761 516/624/729
f 516/624/729 517/625/730 548/657/762
f 515/623/728 514/622/727 549/658/763
f 549/658/763 550/659/764 515/623/728
f 552/661/766 551/660/765 528/636/741
f 528/636/741 531/639/744 552/661/766
f 526/634/739 525/633/738 547/656/761
f 547/656/761 548/657/762 526/634/739
f 534/642/747 533/641/746 553/662/767
f 553/662/767 554/663/768 534/642/747
f 413/518/620 412/517/619 459/565/667
f 459/565/667 460/566/668 413/518/620
f 509/617/722 508/616/721 551/660/765
f 551/660/765 552/661/766 509/617/722
f 530/638/743 529/637/742 355/460/567
f 355/460/567 358/463/569 530/638/743
f 556/665/769 555/664/769 518/626/731
f 518/626/731 521/629/734 556/665/769
f 463/571/676 462/570/675 466/574/679
f 466/574/679 469/577/682 463/571/676
f 558/667/770 557/666/770 387/492/597
f 387/492/597 390/495/600 558/667/770
f 538/646/751 537/645/750 555/664/771
f 555/664/771 556/665/771 538/646/751
f 353/458/565 352/457/564 532/640/745
f 532/640/745 535/643/748 353/458/565
f 431/536/637 430/535/636 559/668/772
f 559/668/772 560/669/772 431/536/637
f 562/671/774 561/670/773 524/632/737
f 524/632/737 527/635/740 562/671/774
f 373/478/583 372/477/583 375/480/585
f 375/480/585 376/481/586 373/478/583
f 564/673/775 563/672/775 421/526/626
f 421/526/626 424/529/629 564/673/775
f 386/491/596 385/490/595 363/468/574
f 363/468/574 366/471/577 386/491/596
f 566/675/778 565/674/776 557/666/777
f 557/666/777 558/667/777 566/675/778
f 357/462/779 356/461/779 561/670/773
f 561/670/773 562/671/774 357/462/779
f 560/669/780 559/668/780 565/674/776
f 565/674/776 566/675/778 560/669/780
f 419/524/781 414/519/781 413/518/782
f 413/518/782 420/525/783 419/524/781
f 428/533/787 438/676/784 370/677/785
f 370/677/785 379/484/786 428/533/787
f 448/553/789 460/678/788 438/676/784
f 438/676/784 428/533/787 448/553/789
f 420/525/783 413/518/782 460/678/788
f 460/678/788 448/553/789 420/525/783
f 408/513/790 407/512/790 505/613/791
f 505/613/791 567/679/792 408/513/790
f 474/681/796 485/593/793 484/592/794
f 484/592/794 475/680/795 474/681/796
f 495/682/798 501/609/797 485/593/793
f 485/593/793 474/681/796 495/682/798
f 567/679/792 505/613/791 501/609/797
f 501/609/797 495/682/798 567/679/792
f 475/680/795 484/592/794 509/617/799
f 509/617/799 513/683/800 475/680/795
f 520/685/804 531/639/801 530/638/802
f 530/638/802 521/684/803 520/685/804
f 541/686/806 552/661/805 531/639/801
f 531/639/801 520/685/804 541/686/806
f 513/683/800 509/617/799 552/661/805
f 552/661/805 541/686/806 513/683/800
f 521/684/803 530/638/802 358/463/807
f 358/463/807 556/687/808 521/684/803
f 538/646/811 556/665/808 562/688/809
f 562/688/809 527/689/810 538/646/811
f 556/687/808 358/463/807 357/462/812
f 357/462/812 562/671/809 556/687/808
f 394/499/816 393/498/813 384/690/814
f 384/690/814 383/691/815 394/499/816
f 545/654/759 544/653/758 359/464/570
f 359/464/570 362/467/573 545/654/759
f 404/509/818 394/499/816 383/691/815
f 383/691/815 402/692/817 404/509/818
f 393/498/813 416/521/666 426/564/665
f 426/564/665 384/690/814 393/498/813
f 511/619/724 510/618/723 568/693/819
f 568/693/819 569/694/820 511/619/724
f 441/546/647 440/545/646 453/558/659
f 453/558/659 454/559/660 441/546/647
f 457/562/663 446/551/672 435/568/671
f 435/568/671 458/563/664 457/562/663
f 445/550/669 465/573/821 471/695/822
f 471/695/822 436/567/670 445/550/669
f 468/576/826 507/615/823 499/696/824
f 499/696/824 477/697/825 468/576/826
f 503/611/830 493/601/827 480/698/828
f 480/698/828 497/699/829 503/611/830
f 492/600/834 511/619/831 517/700/832
f 517/700/832 481/701/833 492/600/834
f 539/647/836 538/646/811 527/689/810
f 527/689/810 526/702/835 539/647/836
f 511/619/831 569/694/837 548/703/838
f 548/703/838 517/700/832 511/619/831
f 569/694/837 539/647/836 526/702/835
f 526/702/835 548/703/838 569/694/837
f 390/495/842 397/704/839 564/705/840
f 564/705/840 558/667/841 390/495/842
f 564/673/840 424/529/843 431/706/844
f 431/706/844 560/707/845 564/673/840
f 558/667/841 564/705/840 560/669/845
f 560/669/845 566/675/846 558/667/841
f 379/484/786 370/677/785 369/708/847
f 369/708/847 380/485/848 379/484/786
f 389/494/850 398/709/849 397/704/839
f 397/704/839 390/495/842 389/494/850
f 400/505/852 410/710/851 398/709/849
f 398/709/849 389/494/850 400/505/852
f 380/485/848 369/708/847 410/710/851
f 410/710/851 400/505/852 380/485/848
f 424/529/843 423/528/853 432/711/854
f 432/711/854 431/706/844 424/529/843
f 463/571/858 469/577/855 442/712/856
f 442/712/856 441/713/857 463/571/858
f 423/528/853 456/561/859 454/714/860
f 454/714/860 432/711/854 423/528/853
f 456/561/859 463/571/858 441/713/857
f 441/713/857 454/714/860 456/561/859
f 469/577/855 468/576/826 477/697/825
f 477/697/825 442/712/856 469/577/855
f 452/557/864 451/556/861 489/715/862
f 489/715/862 488/716/863 452/557/864
f 507/615/823 452/557/864 488/716/863
f 488/716/863 499/696/824 507/615/823
f 397/502/607 396/501/606 563/672/865
f 563/672/865 564/673/865 397/502/607
f 451/556/861 515/623/866 523/717/867
f 523/717/867 489/715/862 451/556/861
f 546/655/871 545/654/868 535/718/869
f 535/718/869 534/719/870 546/655/871
f 515/623/866 550/659/872 554/720/873
f 554/720/873 523/717/867 515/623/866
f 550/659/872 546/655/871 534/719/870
f 534/719/870 554/720/873 550/659/872
f 545/654/868 362/467/874 353/721/875
f 353/721/875 535/718/869 545/654/868
f 386/725/879 366/722/876 373/723/877
f 373/723/877 376/724/878 386/725/879
f 362/467/874 361/466/880 354/726/881
f 354/726/881 353/721/875 362/467/874
f 361/728/880 386/725/879 376/724/878
f 376/724/878 354/727/881 361/728/880
f 375/480/885 385/490/882 360/465/883
f 360/465/883 351/456/884 375/480/885
f 351/456/884 360/465/883 359/464/886
f 359/464/886 352/457/887 351/456/884
f 372/477/889 363/468/888 385/490/882
f 385/490/882 375/480/885 372/477/889
f 352/457/887 359/464/886 544/653/890
f 544/653/890 532/640/891 352/457/887
f 533/641/895 543/652/892 549/658/893
f 549/658/893 553/662/894 533/641/895
f 553/662/894 549/658/893 514/622/896
f 514/622/896 522/630/897 553/662/894
f 532/640/891 544/653/890 543/652/892
f 543/652/892 533/641/895 532/640/891
f 522/630/897 514/622/896 450/555/898
f 450/555/898 486/594/899 522/630/897
f 487/595/903 449/554/900 506/614/901
f 506/614/901 498/606/902 487/595/903
f 498/606/902 506/614/901 467/575/904
f 467/575/904 476/584/905 498/606/902
f 486/594/899 450/555/898 449/554/900
f 449/554/900 487/595/903 486/594/899
f 476/584/905 467/575/904 466/574/906
f 466/574/906 439/544/907 476/584/905
f 440/545/911 462/570/908 455/560/909
f 455/560/909 453/558/910 440/545/911
f 453/558/910 455/560/909 422/527/912
f 422/527/912 429/534/913 453/558/910
f 439/544/907 466/574/906 462/570/908
f 462/570/908 440/545/911 439/544/907
f 429/534/913 422/527/912 421/526/914
f 421/526/914 430/535/915 429/534/913
f 409/514/919 368/473/916 377/482/917
f 377/482/917 399/504/918 409/514/919
f 395/500/921 409/514/919 399/504/918
f 399/504/918 388/493/920 395/500/921
f 396/501/923 395/500/921 388/493/920
f 388/493/920 387/492/922 396/501/923
f 368/473/916 367/472/924 378/483/925
f 378/483/925 377/482/917 368/473/916
f 559/668/929 563/672/926 557/666/927
f 557/666/927 565/674/928 559/668/929
f 430/535/915 421/526/914 563/672/926
f 563/672/926 559/668/929 430/535/915
f 563/672/926 396/501/923 387/492/922
f 387/492/922 557/666/927 563/672/926
f 525/633/933 536/644/930 568/693/931
f 568/693/931 547/656/932 525/633/933
f 547/656/932 568/693/931 510/618/934
f 510/618/934 516/624/935 547/656/932
f 524/632/937 537/645/936 536/644/930
f 536/644/930 525/633/933 524/632/937
f 516/624/935 510/618/934 491/599/938
f 491/599/938 478/586/939 516/624/935
f 479/587/943 490/598/940 502/610/941
f 502/610/941 496/604/942 479/587/943
f 496/604/942 502/610/941 464/572/944
f 464/572/944 470/578/945 496/604/942
f 478/586/939 491/599/938 490/598/940
f 490/598/940 479/587/943 478/586/939
f 470/578/945 464/572/944 444/549/946
f 444/549/946 433/538/947 470/578/945
f 434/539/951 443/548/948 461/569/949
f 461/569/949 542/650/950 434/539/951
f 542/650/950 461/569/949 415/520/952
f 415/520/952 425/530/953 542/650/950
f 433/538/947 444/549/946 443/548/948
f 443/548/948 434/539/951 433/538/947
f 425/530/953 415/520/952 392/497/954
f 392/497/954 381/486/955 425/530/953
f 382/487/959 391/496/956 403/508/957
f 403/508/957 401/506/958 382/487/959
f 401/506/958 403/508/957 364/469/960
f 364/469/960 371/476/961 401/506/958
f 381/486/955 392/497/954 391/496/956
f 391/496/956 382/487/959 381/486/955
f 371/476/961 364/469/960 363/468/888
f 363/468/888 372/477/889 371/476/961
f 356/461/965 355/460/962 555/664/963
f 555/664/963 561/670/964 356/461/965
f 561/670/964 555/664/963 537/645/936
f 537/645/936 524/632/937 561/670/964
f 355/460/962 529/637/966 518/626/967
f 518/626/967 555/664/963 355/460/962
f 551/660/971 508/616/968 512/620/969
f 512/620/969 540/648/970 551/660/971
f 528/636/973 551/660/971 540/648/970
f 540/648/970 519/627/972 528/636/973
f 529/637/966 528/636/973 519/627/972
f 519/627/972 518/626/967 529/637/966
f 508/616/968 483/591/974 472/580/975
f 472/580/975 512/620/969 508/616/968
f 500/608/979 504/612/976 570/729/977
f 570/729/977 494/602/978 500/608/979
f 482/590/981 500/608/979 494/602/978
f 494/602/978 473/581/980 482/590/981
f 483/591/974 482/590/981 473/581/980
f 473/581/980 472/580/975 483/591/974
f 504/612/976 406/511/982 405/730/982
f 405/730/982 570/729/977 504/612/976
f 459/565/986 412/517/983 417/522/984
f 417/522/984 447/552/985 459/565/986
f 437/542/988 459/565/986 447/552/985
f 447/552/985 427/532/987 437/542/988
f 367/472/924 437/542/988 427/532/987
f 427/532/987 378/483/925 367/472/924
f 412/517/983 411/516/989 418/523/989
f 418/523/989 417/522/984 412/517/983
f 495/603/708 494/602/707 570/729/990
f 570/729/990 567/731/991 495/603/708
f 407/512/992 406/511/992 504/612/717
f 504/612/717 505/613/718 407/512/992
f 569/694/820 568/693/819 536/644/749
f 536/644/749 539/647/752 569/694/820
f 416/521/622 415/520/621 461/569/673
f 461/569/673 457/562/674 416/521/622
f 541/649/754 540/648/753 512/620/725
f 512/620/725 513/621/726 541/649/754
f 567/731/991 570/729/990 405/730/993
f 405/730/993 408/732/993 567/731/991
f 550/659/764 549/658/763 543/652/757
f 543/652/757 546/655/760 550/659/764
f 435/540/641 434/539/640 542/650/755
f 542/650/755 458/651/756 435/540/641
f 554/663/768 553/662/767 522/630/735
f 522/630/735 523/631/736 554/663/768
f 493/601/827 492/600/834 481/701/833
f 481/701/833 480/698/828 493/601/827
f 465/573/821 503/611/830 497/699/829
f 497/699/829 471/695/822 465/573/821
f 465/573/678 464/572/677 502/610/715
f 502/610/715 503/611/716 465/573/678
f 366/722/876 365/733/994 374/734/995
f 374/734/995 373/723/877 366/722/876
f 468/576/681 467/575/680 506/614/719
f 506/614/719 507/615/720 468/576/681
f 365/733/994 404/735/818 402/736/817
f 402/736/817 374/734/995 365/733/994
